order_id,order_date,product,category,region,channel,quantity,unit_price,revenue,cost,customer_rating
ORD-11746,01/04/2026,Zephyr Standing Desk,Furniture,East,Retail,1,$424.98,424.98,287.65,3
ORD-10638,06/04/2025,Echo Mechanical Keyboard,Electronics,West,Online,1,$91.67,91.67,59.44,5
ORD-12340,05/01/2026,Cove Bookshelf,Furniture,West,Online,4,$119.91,479.64,275.17,4
ORD-11328,11/03/2025,Terra Ceramic Planter,Home & Living,West,Partner,3,$26.34,79.02,49.26,4
ORD-10532,05/13/2025,Aurora Desk Lamp,Home & Living,West,Online,1,$43.70,43.7,24.32,5
ORD-10202,02/23/2025,Cove Bookshelf,Furniture,North,Online,1,$127.42,127.42,89.86,4
ORD-11757,01/07/2026,Halo Desk Organizer,Home & Living,East,Online,2,$20.06,40.12,26.03,1
ORD-11995,02/21/2026,Nimbus Office Chair,Furniture,South,Online,2,$199.50,399.0,252.05,5
ORD-12160,03/27/2026,Zephyr Standing Desk,Furniture,North,Retail,1,$476.33,476.33,285.7,4
ORD-11858,01/28/2026,Zephyr Standing Desk,Furniture,South,Online,2,$435.11,870.22,556.75,5
ORD-10720,06/24/2025,Cove Bookshelf,Furniture,North,Online,1,$130.04,130.04,72.66,3
ORD-12035,03/01/2026,Lumen LED Strip,Electronics,North,Partner,3,$25.21,75.63,48.16,4
ORD-10272,03/10/2025,Aurora Desk Lamp,Home & Living,South,Retail,2,$43.71,87.42,64.76,1
ORD-10819,07/18/2025,Echo Mechanical Keyboard,Electronics,West,Online,1,$82.78,82.78,50.06,4
ORD-12496,05/30/2026,Zephyr Standing Desk,Furniture,South,Partner,1,$457.69,457.69,335.89,4
ORD-11140,09/27/2025,"Vista Monitor 27""",Electronics,North,Retail,2,$266.51,533.02,363.3,1
ORD-10314,03/20/2025,Terra Ceramic Planter,Home & Living,West,Partner,1,$30.14,30.14,22.45,4
ORD-10358,03/30/2025,Cove Bookshelf,Furniture,West,Online,2,$133.52,267.04,176.05,4
ORD-11838,01/24/2026,Echo Mechanical Keyboard,Electronics,North,Retail,1,$83.78,83.78,54.96,5
ORD-10796,07/11/2025,Nimbus Office Chair,Furniture,West,Online,1,$175.60,175.6,117.45,5
ORD-12091,03/13/2026,Echo Mechanical Keyboard,Electronics,North,Retail,1,$94.53,94.53,55.44,4
ORD-10288,03/14/2025,Lumen LED Strip,Electronics,East,Online,2,$22.21,44.42,29.74,1
ORD-10411,04/12/2025,Aurora Desk Lamp,Home & Living,West,Online,2,$39.64,79.28,54.88,1
ORD-11703,12/28/2025,Aurora Desk Lamp,Home & Living,West,Retail,3,$41.51,124.53,88.57,
ORD-10074,01/21/2025,Echo Mechanical Keyboard,Electronics,North,Online,2,$92.59,185.18,132.66,1
ORD-10828,07/19/2025,Echo Mechanical Keyboard,Electronics,South,Online,2,$90.66,181.32,132.0,1
ORD-11421,11/17/2025,Halo Desk Organizer,Home & Living,East,Retail,1,$17.85,17.85,12.66,4
ORD-12135,03/22/2026,Terra Ceramic Planter,Home & Living,East,Retail,2,$26.95,53.9,35.25,5
ORD-11668,12/23/2025,Pulse Wireless Mouse,Electronics,East,Online,1,$33.39,33.39,20.39,5
ORD-11749,01/05/2026,Nimbus Office Chair,Furniture,East,Partner,2,$183.30,366.6,269.31,
ORD-10335,03/25/2025,"Vista Monitor 27""",Electronics,South,Online,2,$267.96,535.92,311.28,5
ORD-12155,03/26/2026,Echo Mechanical Keyboard,Electronics,South,Online,1,$93.58,93.58,66.16,1
ORD-10298,03/16/2025,Echo Mechanical Keyboard,Electronics,West,Retail,1,$84.90,84.9,49.92,5
ORD-10392,04/07/2025,Zephyr Standing Desk,Furniture,North,Partner,1,$475.83,475.83,331.46,4
ORD-11634,12/17/2025,Lumen LED Strip,Electronics,West,Retail,1,$24.44,24.44,16.08,1
ORD-10406,04/11/2025,Cove Bookshelf,Furniture,South,Partner,3,$120.22,360.66,239.32,4
ORD-10804,07/13/2025,Aurora Desk Lamp,Home & Living,East,Partner,2,$43.11,86.22,52.02,5
ORD-10028,01/09/2025,Lumen LED Strip,Electronics,West,Online,1,$22.78,22.78,14.64,5
ORD-10680,06/14/2025,Echo Mechanical Keyboard,Electronics,West,Online,1,$87.81,87.81,63.54,5
ORD-12138,03/22/2026,Lumen LED Strip,Electronics,West,Online,3,$25.64,76.92,54.59,4
ORD-11066,09/10/2025,Cove Bookshelf,Furniture,South,Retail,1,$136.91,136.91,75.35,1
ORD-10158,02/14/2025,Halo Desk Organizer,Home & Living,West,Partner,3,$19.52,58.56,37.02,5
ORD-12644,06/24/2026,Terra Ceramic Planter,Home & Living,South,Retail,1,$26.69,26.69,15.25,5
ORD-11382,11/11/2025,Halo Desk Organizer,Home & Living,South,Online,3,$19.78,59.34,36.41,5
ORD-10185,02/20/2025,Echo Mechanical Keyboard,Electronics,East,Online,2,$82.82,165.64,94.23,5
ORD-10810,07/16/2025,"Vista Monitor 27""",Electronics,North,Retail,3,$289.50,868.5,501.98,5
ORD-10362,03/31/2025,Halo Desk Organizer,Home & Living,East,Online,1,$19.12,19.12,11.75,4
ORD-10909,08/06/2025,Aurora Desk Lamp,Home & Living,South,Online,2,$41.53,83.06,60.88,5
ORD-11880,02/01/2026,"Vista Monitor 27""",Electronics,West,Retail,3,$273.89,821.67,607.98,5
ORD-12297,04/23/2026,Nimbus Office Chair,Furniture,South,Retail,1,$187.70,187.7,111.31,4
ORD-11412,11/15/2025,Halo Desk Organizer,Home & Living,East,Online,1,$17.48,17.48,12.67,1
ORD-12287,04/21/2026,Terra Ceramic Planter,Home & Living,East,Online,1,$27.74,27.74,20.52,1
ORD-12406,05/13/2026,Pulse Wireless Mouse,Electronics,North,Online,1,$36.50,36.5,27.12,5
ORD-11692,12/27/2025,Aurora Desk Lamp,Home & Living,West,Partner,2,$45.15,90.3,56.05,4
ORD-10248,03/05/2025,Zephyr Standing Desk,Furniture,North,Partner,2,$436.64,873.28,587.38,4
ORD-11620,12/16/2025,Nimbus Office Chair,Furniture,East,Online,2,$184.35,368.7,256.81,1
ORD-12285,04/20/2026,Cove Bookshelf,Furniture,North,Online,1,$133.92,133.92,91.92,5
ORD-12480,05/27/2026,Cove Bookshelf,Furniture,East,Retail,2,$130.53,261.06,159.89,4
ORD-10603,05/28/2025,Halo Desk Organizer,Home & Living,North,Partner,1,$18.32,18.32,12.3,5
ORD-10261,03/08/2025,Cove Bookshelf,Furniture,North,Online,1,$124.28,124.28,82.32,5
ORD-10001,01/01/2025,Pulse Wireless Mouse,Electronics,North,Retail,1,$33.57,33.57,19.4,5
ORD-12192,04/02/2026,Terra Ceramic Planter,Home & Living,East,Partner,1,$29.56,29.56,18.77,5
ORD-10383,04/05/2025,"Vista Monitor 27""",Electronics,East,Online,1,$273.91,273.91,163.86,1
ORD-10138,02/08/2025,Echo Mechanical Keyboard,Electronics,West,Online,1,$90.20,90.2,64.45,4
ORD-11514,12/01/2025,Terra Ceramic Planter,Home & Living,East,Online,2,$26.09,52.18,34.07,5
ORD-11513,12/01/2025,Pulse Wireless Mouse,Electronics,South,Online,2,$36.49,72.98,50.52,1
ORD-11449,11/21/2025,Echo Mechanical Keyboard,Electronics,South,Partner,1,$91.22,91.22,60.45,3
ORD-11330,11/03/2025,Halo Desk Organizer,Home & Living,East,Online,2,$19.88,39.76,27.43,2
ORD-11038,09/04/2025,Pulse Wireless Mouse,Electronics,East,Retail,1,$35.33,35.33,20.79,1
ORD-12120,03/19/2026,Nimbus Office Chair,Furniture,West,Online,1,$200.80,200.8,123.48,4
ORD-10599,05/28/2025,"Vista Monitor 27""",Electronics,North,Online,1,$286.00,286.0,203.28,5
ORD-12108,03/16/2026,Lumen LED Strip,Electronics,East,Partner,3,$23.57,70.71,41.55,4
ORD-10344,03/27/2025,Echo Mechanical Keyboard,Electronics,North,Partner,1,$91.11,91.11,62.45,4
ORD-10163,02/15/2025,Echo Mechanical Keyboard,Electronics,North,Retail,1,$83.92,83.92,57.19,1
ORD-10762,07/03/2025,Nimbus Office Chair,Furniture,East,Retail,1,$184.18,184.18,131.28,5
ORD-10434,04/17/2025,Aurora Desk Lamp,Home & Living,East,Online,2,$44.08,,59.27,5
ORD-11462,11/23/2025,Cove Bookshelf,Furniture,South,Online,1,$123.44,123.44,82.74,4
ORD-12620,06/20/2026,Lumen LED Strip,Electronics,East,Online,2,$23.56,47.12,29.19,4
ORD-11254,10/19/2025,Lumen LED Strip,Electronics,North,Online,2,$24.45,48.9,34.03,2
ORD-11669,12/23/2025,Cove Bookshelf,Furniture,North,Online,1,$127.06,127.06,85.6,3
ORD-10212,02/25/2025,Nimbus Office Chair,Furniture,South,Online,2,$198.05,396.1,252.47,5
ORD-11106,09/19/2025,Zephyr Standing Desk,Furniture,East,Partner,3,$484.81,1454.43,1018.79,1
ORD-11803,01/16/2026,Nimbus Office Chair,Furniture,North,Online,3,$194.10,582.3,327.89,5
ORD-12642,06/24/2026,Cove Bookshelf,Furniture,North,Online,2,$126.34,252.68,183.7,5
ORD-11040,09/04/2025,Zephyr Standing Desk,Furniture,West,Retail,3,$427.87,1283.61,918.99,2
ORD-11279,10/24/2025,"Vista Monitor 27""",Electronics,East,Retail,1,$266.53,266.53,160.92,5
ORD-10955,08/16/2025,Lumen LED Strip,Electronics,North,Retail,1,$22.64,22.64,13.77,4
ORD-10414,04/13/2025,Zephyr Standing Desk,Furniture,North,Retail,2,$462.38,924.76,682.02,2
ORD-11261,10/20/2025,"Vista Monitor 27""",Electronics,South,Online,4,$269.19,1076.76,722.83,5
ORD-12413,05/15/2026,Cove Bookshelf,Furniture,West,Online,2,$139.18,278.36,153.44,2
ORD-11125,09/24/2025,Zephyr Standing Desk,Furniture,East,Online,1,$463.26,463.26,263.64,3
ORD-12237,04/12/2026,Lumen LED Strip,Electronics,West,Retail,1,$25.44,25.44,16.74,3
ORD-12379,05/08/2026,Terra Ceramic Planter,Home & Living,East,Online,1,$28.91,28.91,17.54,4
ORD-11884,02/02/2026,Terra Ceramic Planter,Home & Living,East,Retail,2,$27.71,55.42,39.92,4
ORD-12619,06/20/2026,Terra Ceramic Planter,Home & Living,South,Partner,1,$27.77,27.77,17.77,5
ORD-10222,02/27/2025,Pulse Wireless Mouse,Electronics,North,Online,2,$36.09,72.18,54.12,2
ORD-10873,07/28/2025,Cove Bookshelf,Furniture,West,Online,1,$128.22,128.22,85.08,5
ORD-12382,05/09/2026,Terra Ceramic Planter,Home & Living,North,Partner,1,$26.99,,17.8,4
ORD-11163,10/02/2025,Lumen LED Strip,Electronics,South,Retail,1,$23.91,23.91,17.56,1
ORD-10958,08/16/2025,Aurora Desk Lamp,Home & Living,West,Partner,1,$40.88,40.88,24.4,
ORD-12493,05/29/2026,Aurora Desk Lamp,Home & Living,East,Partner,1,$43.55,43.55,29.75,2
ORD-10226,03/01/2025,Halo Desk Organizer,Home & Living,East,Retail,2,$18.60,37.2,26.44,2
ORD-11052,09/07/2025,Pulse Wireless Mouse,Electronics,South,Online,1,$35.55,35.55,25.52,4
ORD-12572,06/11/2026,Aurora Desk Lamp,Home & Living,West,Partner,1,$39.46,39.46,29.12,3
ORD-10748,06/30/2025,Pulse Wireless Mouse,Electronics,South,Online,3,$35.53,106.59,60.48,5
ORD-10431,04/16/2025,Zephyr Standing Desk,Furniture,East,Online,4,$444.46,1777.84,1205.11,5
ORD-11350,11/07/2025,Nimbus Office Chair,Furniture,South,Online,2,$193.52,387.04,260.58,5
ORD-10027,01/09/2025,Nimbus Office Chair,Furniture,West,Online,1,$175.71,175.71,122.23,4
ORD-12281,04/20/2026,Zephyr Standing Desk,Furniture,North,Online,2,$434.96,869.92,585.35,5
ORD-12631,06/22/2026,Cove Bookshelf,Furniture,North,Retail,2,$130.93,,170.24,4
ORD-10465,04/25/2025,Lumen LED Strip,Electronics,East,Retail,2,$23.13,46.26,33.06,2
ORD-10481,05/01/2025,"Vista Monitor 27""",Electronics,West,Retail,3,$294.68,884.04,569.42,5
ORD-11275,10/23/2025,Cove Bookshelf,Furniture,South,Partner,3,$131.74,395.22,294.22,5
ORD-12509,06/01/2026,Halo Desk Organizer,Home & Living,North,Retail,1,$20.34,20.34,11.24,5
ORD-11272,10/22/2025,"Vista Monitor 27""",Electronics,North,Online,1,$268.23,268.23,193.26,2
ORD-12495,05/30/2026,Echo Mechanical Keyboard,Electronics,South,Online,2,$93.35,186.7,128.98,3
ORD-10798,07/11/2025,Zephyr Standing Desk,Furniture,North,Online,1,$477.45,477.45,329.03,2
ORD-12599,06/16/2026,Lumen LED Strip,Electronics,East,Online,3,$24.12,72.36,43.73,2
ORD-12531,06/05/2026,Zephyr Standing Desk,Furniture,West,Retail,1,$449.61,449.61,299.61,4
ORD-11756,01/07/2026,"Vista Monitor 27""",Electronics,North,Partner,1,$290.54,290.54,172.85,5
ORD-10232,03/02/2025,Pulse Wireless Mouse,Electronics,East,Online,1,$35.79,35.79,23.92,5
ORD-11356,11/08/2025,Halo Desk Organizer,Home & Living,East,Online,2,$18.45,36.9,21.55,5
ORD-12390,05/10/2026,Echo Mechanical Keyboard,Electronics,West,Online,1,$91.81,91.81,55.52,2
ORD-11795,01/14/2026,"Vista Monitor 27""",Electronics,North,Retail,2,$290.24,580.48,380.08,
ORD-12243,04/13/2026,Aurora Desk Lamp,Home & Living,North,Retail,2,$41.65,83.3,47.56,2
ORD-12524,06/03/2026,Aurora Desk Lamp,Home & Living,West,Retail,1,$44.74,44.74,25.63,4
ORD-12380,05/08/2026,Pulse Wireless Mouse,Electronics,North,Online,3,$33.69,101.07,65.93,3
ORD-11128,09/24/2025,Cove Bookshelf,Furniture,East,Online,2,$127.99,255.98,153.73,2
ORD-12117,03/18/2026,Cove Bookshelf,Furniture,East,Retail,5,$125.44,627.2,431.47,1
ORD-11658,12/21/2025,Aurora Desk Lamp,Home & Living,East,Online,2,$41.37,82.74,54.11,5
ORD-10905,08/05/2025,Nimbus Office Chair,Furniture,East,Online,2,$181.46,362.92,235.7,2
ORD-11397,11/13/2025,Lumen LED Strip,Electronics,West,Retail,1,$23.95,23.95,14.8,5
ORD-11586,12/10/2025,"Vista Monitor 27""",Electronics,East,Online,1,$264.44,264.44,185.1,2
ORD-12013,02/25/2026,Zephyr Standing Desk,Furniture,West,Retail,2,$413.12,826.24,530.57,5
ORD-12223,04/08/2026,"Vista Monitor 27""",Electronics,West,Partner,1,$289.04,289.04,206.72,3
ORD-10602,05/28/2025,Cove Bookshelf,Furniture,West,Online,2,$119.00,238.0,164.39,5
ORD-11362,11/08/2025,"Vista Monitor 27""",Electronics,North,Retail,2,$285.00,570.0,402.15,4
ORD-11554,12/06/2025,Cove Bookshelf,Furniture,East,Online,3,$124.43,373.29,226.54,5
ORD-11773,01/10/2026,Cove Bookshelf,Furniture,North,Online,2,$122.35,244.7,164.85,5
ORD-11237,10/16/2025,Nimbus Office Chair,Furniture,West,Retail,1,$186.14,186.14,125.32,5
ORD-10501,05/05/2025,Pulse Wireless Mouse,Electronics,North,Online,1,$34.80,34.8,19.83,4
ORD-10767,07/05/2025,Zephyr Standing Desk,Furniture,South,Online,1,$434.02,434.02,292.15,4
ORD-10735,06/27/2025,Halo Desk Organizer,Home & Living,East,Online,3,$18.49,55.47,36.73,4
ORD-12296,04/23/2026,Lumen LED Strip,Electronics,East,Online,3,$24.88,74.64,46.91,5
ORD-12306,04/25/2026,Aurora Desk Lamp,Home & Living,East,Retail,2,$40.87,81.74,55.86,5
ORD-12275,04/19/2026,Halo Desk Organizer,Home & Living,West,Online,1,$19.32,19.32,13.85,4
ORD-12016,02/25/2026,Zephyr Standing Desk,Furniture,East,Online,1,$470.90,470.9,278.48,4
ORD-12607,06/18/2026,"Vista Monitor 27""",Electronics,North,Online,1,$277.98,277.98,152.92,5
ORD-10740,06/28/2025,Aurora Desk Lamp,Home & Living,East,Online,2,$43.51,87.02,53.35,4
ORD-12267,04/17/2026,Halo Desk Organizer,Home & Living,North,Online,1,$19.55,19.55,13.98,5
ORD-10763,07/03/2025,Halo Desk Organizer,Home & Living,North,Partner,2,$18.20,36.4,24.84,5
ORD-11856,01/28/2026,Echo Mechanical Keyboard,Electronics,South,Online,1,$82.11,82.11,59.79,4
ORD-10214,02/26/2025,Nimbus Office Chair,Furniture,North,Online,1,$179.34,,109.17,4
ORD-10323,03/23/2025,Terra Ceramic Planter,Home & Living,South,Online,1,$25.78,25.78,15.77,3
ORD-12396,05/11/2026,Halo Desk Organizer,Home & Living,East,Retail,1,$19.15,19.15,11.73,2
ORD-11775,01/10/2026,Halo Desk Organizer,Home & Living,West,Online,1,$19.21,19.21,10.88,1
ORD-10498,05/04/2025,Echo Mechanical Keyboard,Electronics,North,Online,4,$91.90,367.6,223.89,4
ORD-11180,10/05/2025,Cove Bookshelf,Furniture,West,Partner,1,$127.21,127.21,74.75,4
ORD-10508,05/07/2025,"Vista Monitor 27""",Electronics,North,Online,2,$275.04,550.08,307.6,5
ORD-10654,06/08/2025,Lumen LED Strip,Electronics,West,Retail,2,$24.46,48.92,36.01,
ORD-11048,09/06/2025,Pulse Wireless Mouse,Electronics,East,Online,1,$32.77,32.77,23.02,5
ORD-11970,02/18/2026,Halo Desk Organizer,Home & Living,West,Online,2,$20.02,40.04,23.82,5
ORD-10713,06/22/2025,Cove Bookshelf,Furniture,North,Online,1,$131.92,131.92,91.13,5
ORD-10068,01/18/2025,Terra Ceramic Planter,Home & Living,South,Online,3,$27.59,,54.51,5
ORD-12310,04/25/2026,Cove Bookshelf,Furniture,East,Online,3,$128.77,386.31,275.12,5
ORD-10868,07/27/2025,Zephyr Standing Desk,Furniture,South,Online,2,$464.51,929.02,590.42,4
ORD-11278,10/24/2025,Nimbus Office Chair,Furniture,East,Retail,1,$202.48,202.48,121.79,4
ORD-11792,01/14/2026,Nimbus Office Chair,Furniture,East,Retail,1,$186.08,186.08,128.43,5
ORD-10768,07/05/2025,Pulse Wireless Mouse,Electronics,South,Partner,1,$35.39,35.39,25.93,5
ORD-11481,11/26/2025,Zephyr Standing Desk,Furniture,North,Retail,2,$434.99,869.98,574.7,3
ORD-12539,06/06/2026,Lumen LED Strip,Electronics,East,Online,1,$25.53,25.53,17.92,1
ORD-10482,05/01/2025,Nimbus Office Chair,Furniture,East,Online,1,$177.50,177.5,121.79,3
ORD-12343,05/02/2026,Nimbus Office Chair,Furniture,East,Partner,3,$178.36,535.08,297.56,1
ORD-12161,03/28/2026,Cove Bookshelf,Furniture,North,Online,1,$123.68,123.68,84.67,4
ORD-12464,05/25/2026,Nimbus Office Chair,Furniture,West,Retail,3,$176.80,530.4,363.11,4
ORD-10979,08/20/2025,Nimbus Office Chair,Furniture,East,Online,3,$187.90,563.7,335.31,5
ORD-10036,01/11/2025,Lumen LED Strip,Electronics,East,Online,1,$23.10,23.1,13.31,2
ORD-12608,06/18/2026,Zephyr Standing Desk,Furniture,West,Online,2,$460.97,921.94,520.18,3
ORD-12489,05/28/2026,Lumen LED Strip,Electronics,South,Online,3,$24.18,72.54,53.94,4
ORD-12428,05/17/2026,Lumen LED Strip,Electronics,West,Online,2,$23.33,46.66,30.75,4
ORD-11288,10/26/2025,Cove Bookshelf,Furniture,East,Retail,3,$120.80,362.4,220.83,3
ORD-12206,04/04/2026,Aurora Desk Lamp,Home & Living,West,Online,1,$40.09,40.09,26.55,5
ORD-12074,03/09/2026,Pulse Wireless Mouse,Electronics,West,Partner,1,$35.27,35.27,19.88,1
ORD-10442,04/19/2025,Zephyr Standing Desk,Furniture,East,Partner,3,$483.08,1449.24,915.71,
ORD-10452,04/22/2025,Lumen LED Strip,Electronics,South,Partner,1,$25.18,25.18,14.48,5
ORD-12555,06/08/2026,Cove Bookshelf,Furniture,North,Retail,1,$130.94,130.94,90.01,
ORD-11962,02/17/2026,"Vista Monitor 27""",Electronics,East,Online,4,$264.96,1059.84,670.51,3
ORD-10519,05/10/2025,Cove Bookshelf,Furniture,West,Retail,1,$137.19,137.19,88.97,5
ORD-12432,05/17/2026,Pulse Wireless Mouse,Electronics,North,Online,1,$34.59,34.59,24.74,4
ORD-11504,11/30/2025,Halo Desk Organizer,Home & Living,South,Partner,1,$17.58,17.58,12.22,2
ORD-12075,03/09/2026,Lumen LED Strip,Electronics,West,Online,3,$22.33,66.99,47.17,3
ORD-12395,05/11/2026,Pulse Wireless Mouse,Electronics,North,Partner,1,$35.22,35.22,25.04,5
ORD-12400,05/12/2026,Cove Bookshelf,Furniture,East,Online,2,$125.17,250.34,158.25,5
ORD-10631,06/03/2025,Nimbus Office Chair,Furniture,East,Online,2,$176.77,353.54,260.69,5
ORD-12186,04/01/2026,Zephyr Standing Desk,Furniture,West,Retail,3,$450.41,1351.23,853.23,1
ORD-11416,11/16/2025,"Vista Monitor 27""",Electronics,East,Online,2,$261.71,523.42,359.67,5
ORD-10065,01/18/2025,Zephyr Standing Desk,Furniture,East,Retail,2,$431.70,863.4,517.56,5
ORD-11419,11/16/2025,Cove Bookshelf,Furniture,North,Retail,3,$138.46,415.38,272.23,4
ORD-12068,03/08/2026,Aurora Desk Lamp,Home & Living,North,Retail,3,$45.08,135.24,96.09,5
ORD-11344,11/05/2025,"Vista Monitor 27""",Electronics,North,Retail,1,$258.31,258.31,180.6,3
ORD-11494,11/28/2025,Terra Ceramic Planter,Home & Living,North,Retail,2,$26.02,52.04,38.39,4
ORD-12256,04/14/2026,Echo Mechanical Keyboard,Electronics,West,Online,2,$91.04,182.08,124.99,4
ORD-10609,05/30/2025,Nimbus Office Chair,Furniture,North,Online,1,$184.22,184.22,121.75,4
ORD-10813,07/16/2025,Cove Bookshelf,Furniture,West,Online,2,$128.14,256.28,175.71,5
ORD-10235,03/02/2025,"Vista Monitor 27""",Electronics,East,Online,1,$296.36,296.36,195.34,4
ORD-11309,10/31/2025,Pulse Wireless Mouse,Electronics,North,Partner,3,$36.17,108.51,68.87,5
ORD-11639,12/19/2025,"Vista Monitor 27""",Electronics,South,Online,1,$282.92,282.92,191.52,5
ORD-12503,05/31/2026,Aurora Desk Lamp,Home & Living,West,Online,3,$44.21,132.63,74.22,5
ORD-11927,02/10/2026,Aurora Desk Lamp,Home & Living,North,Partner,3,$41.77,125.31,73.31,2
ORD-12462,05/24/2026,Echo Mechanical Keyboard,Electronics,East,Partner,4,$93.04,372.16,231.57,2
ORD-11899,02/05/2026,"Vista Monitor 27""",Electronics,East,Retail,2,$284.62,569.24,376.3,2
ORD-11600,12/13/2025,Terra Ceramic Planter,Home & Living,East,Online,1,$29.33,29.33,17.35,4
ORD-11105,09/19/2025,Echo Mechanical Keyboard,Electronics,East,Online,2,$86.19,172.38,122.93,5
ORD-10488,05/02/2025,Aurora Desk Lamp,Home & Living,North,Retail,2,$43.19,86.38,58.34,4
ORD-10712,06/22/2025,Aurora Desk Lamp,Home & Living,West,Retail,1,$43.48,43.48,27.34,5
ORD-10590,05/26/2025,Lumen LED Strip,Electronics,North,Online,4,$22.10,88.4,61.77,5
ORD-11492,11/28/2025,Aurora Desk Lamp,Home & Living,South,Online,3,$39.48,118.44,78.61,3
ORD-10951,08/16/2025,Lumen LED Strip,Electronics,East,Online,1,$22.27,22.27,15.0,4
ORD-11161,10/01/2025,Nimbus Office Chair,Furniture,North,Partner,1,$179.75,179.75,114.55,4
ORD-12627,06/21/2026,Lumen LED Strip,Electronics,North,Partner,1,$23.23,23.23,14.31,4
ORD-11681,12/25/2025,Halo Desk Organizer,Home & Living,West,Retail,2,$17.51,35.02,22.27,5
ORD-11849,01/26/2026,Zephyr Standing Desk,Furniture,South,Online,1,$477.79,477.79,277.31,5
ORD-11241,10/16/2025,Echo Mechanical Keyboard,Electronics,East,Retail,3,$95.69,287.07,177.29,2
ORD-11917,02/07/2026,Echo Mechanical Keyboard,Electronics,North,Partner,1,$88.48,88.48,60.13,4
ORD-12150,03/25/2026,Pulse Wireless Mouse,Electronics,East,Online,2,$33.03,66.06,45.16,5
ORD-12626,06/21/2026,Halo Desk Organizer,Home & Living,South,Online,3,$19.80,59.4,39.94,5
ORD-11085,09/15/2025,Halo Desk Organizer,Home & Living,North,Partner,1,$18.39,18.39,11.32,1
ORD-10078,01/22/2025,Pulse Wireless Mouse,Electronics,South,Retail,2,$32.81,65.62,36.43,5
ORD-11963,02/17/2026,Pulse Wireless Mouse,Electronics,North,Online,2,$32.95,65.9,45.49,1
ORD-12269,04/17/2026,"Vista Monitor 27""",Electronics,South,Online,1,$265.57,265.57,190.31,1
ORD-10525,05/11/2025,Terra Ceramic Planter,Home & Living,West,Online,4,$30.15,120.6,88.42,4
ORD-10521,05/10/2025,"Vista Monitor 27""",Electronics,North,Retail,2,$271.77,,381.26,5
ORD-11815,01/18/2026,Echo Mechanical Keyboard,Electronics,North,Retail,2,$94.95,189.9,119.71,5
ORD-10927,08/10/2025,Halo Desk Organizer,Home & Living,North,Retail,2,$18.09,36.18,23.25,4
ORD-12525,06/03/2026,Cove Bookshelf,Furniture,East,Online,1,$118.81,118.81,69.84,5
ORD-12245,04/13/2026,Halo Desk Organizer,Home & Living,East,Retail,1,$19.29,19.29,10.76,4
ORD-12064,03/07/2026,Aurora Desk Lamp,Home & Living,North,Retail,2,$42.60,85.2,63.31,5
ORD-11398,11/13/2025,Echo Mechanical Keyboard,Electronics,East,Partner,2,$88.35,176.7,102.63,4
ORD-11219,10/13/2025,Lumen LED Strip,Electronics,North,Partner,1,$22.25,22.25,12.4,4
ORD-12049,03/04/2026,Halo Desk Organizer,Home & Living,North,Online,2,$18.68,37.36,23.08,5
ORD-12299,04/23/2026,Zephyr Standing Desk,Furniture,West,Partner,2,$453.80,907.6,610.78,2
ORD-11010,08/29/2025,Cove Bookshelf,Furniture,East,Online,2,$133.44,266.88,168.94,5
ORD-11948,02/14/2026,Terra Ceramic Planter,Home & Living,West,Online,1,$25.93,25.93,16.79,5
ORD-11755,01/07/2026,Pulse Wireless Mouse,Electronics,East,Online,2,$36.89,73.78,44.35,3
ORD-11064,09/10/2025,Halo Desk Organizer,Home & Living,West,Online,1,$18.01,18.01,12.02,5
ORD-10795,07/11/2025,Nimbus Office Chair,Furniture,North,Online,1,$184.51,184.51,128.24,5
ORD-10516,05/09/2025,Pulse Wireless Mouse,Electronics,South,Retail,3,$35.87,107.61,69.0,4
ORD-10678,06/14/2025,Nimbus Office Chair,Furniture,East,Retail,1,$179.11,179.11,128.09,2
ORD-10059,01/16/2025,Pulse Wireless Mouse,Electronics,West,Retail,1,$34.08,34.08,24.32,4
ORD-12116,03/18/2026,Cove Bookshelf,Furniture,West,Partner,1,$136.34,136.34,90.65,5
ORD-11834,01/23/2026,"Vista Monitor 27""",Electronics,North,Retail,2,$280.63,561.26,349.12,3
ORD-11972,02/18/2026,Halo Desk Organizer,Home & Living,North,Partner,1,$17.57,17.57,9.9,3
ORD-11806,01/16/2026,Halo Desk Organizer,Home & Living,North,Online,1,$19.78,,13.42,4
ORD-12590,06/14/2026,Terra Ceramic Planter,Home & Living,North,Online,1,$28.48,28.48,20.15,3
ORD-11477,11/26/2025,Zephyr Standing Desk,Furniture,North,Online,1,$421.87,421.87,238.51,5
ORD-10135,02/07/2025,Cove Bookshelf,Furniture,West,Partner,1,$122.08,122.08,89.46,4
ORD-11630,12/17/2025,Echo Mechanical Keyboard,Electronics,West,Retail,3,$85.36,256.08,183.13,5
ORD-12403,05/12/2026,Aurora Desk Lamp,Home & Living,South,Partner,1,$40.61,40.61,25.39,5
ORD-12002,02/22/2026,Echo Mechanical Keyboard,Electronics,West,Online,3,$85.13,255.39,159.19,3
ORD-12048,03/04/2026,Halo Desk Organizer,Home & Living,West,Online,3,$20.07,60.21,35.01,5
ORD-11747,01/04/2026,Cove Bookshelf,Furniture,West,Online,2,$138.13,276.26,185.63,5
ORD-12411,05/14/2026,Pulse Wireless Mouse,Electronics,East,Online,2,$34.45,68.9,48.42,2
ORD-10105,01/31/2025,Pulse Wireless Mouse,Electronics,North,Online,1,$35.43,35.43,24.89,5
ORD-10236,03/02/2025,Terra Ceramic Planter,Home & Living,East,Online,1,$26.03,26.03,16.61,5
ORD-11555,12/06/2025,Aurora Desk Lamp,Home & Living,East,Online,4,$45.03,180.12,126.54,5
ORD-10928,08/10/2025,Terra Ceramic Planter,Home & Living,West,Retail,1,$27.60,27.6,19.93,5
ORD-12562,06/10/2026,Echo Mechanical Keyboard,Electronics,North,Online,1,$95.37,95.37,59.33,5
ORD-11329,11/03/2025,Nimbus Office Chair,Furniture,North,Partner,1,$194.51,194.51,126.66,1
ORD-11937,02/12/2026,Nimbus Office Chair,Furniture,East,Retail,3,$203.83,611.49,402.85,4
ORD-11003,08/28/2025,Cove Bookshelf,Furniture,North,Online,2,$127.57,255.14,171.84,4
ORD-10566,05/21/2025,Nimbus Office Chair,Furniture,East,Retail,3,$192.98,578.94,412.51,4
ORD-11331,11/03/2025,Pulse Wireless Mouse,Electronics,West,Online,2,$34.30,68.6,45.55,5
ORD-10894,08/03/2025,Cove Bookshelf,Furniture,West,Online,4,$137.76,551.04,404.52,5
ORD-12545,06/07/2026,Lumen LED Strip,Electronics,West,Online,1,$25.31,25.31,17.68,5
ORD-11230,10/14/2025,Halo Desk Organizer,Home & Living,East,Retail,2,$19.28,38.56,23.21,3
ORD-11960,02/16/2026,"Vista Monitor 27""",Electronics,West,Partner,2,$274.60,549.2,403.03,
ORD-10223,02/28/2025,"Vista Monitor 27""",Electronics,West,Partner,2,$301.20,602.4,428.97,4
ORD-10361,03/30/2025,Terra Ceramic Planter,Home & Living,North,Online,1,$26.50,26.5,15.31,1
ORD-10960,08/17/2025,Aurora Desk Lamp,Home & Living,West,Online,1,$42.03,42.03,30.94,4
ORD-10853,07/24/2025,Terra Ceramic Planter,Home & Living,North,Online,3,$30.10,90.3,59.44,5
ORD-10943,08/13/2025,Terra Ceramic Planter,Home & Living,North,Retail,3,$29.30,87.9,53.16,5
ORD-10469,04/26/2025,Pulse Wireless Mouse,Electronics,East,Online,1,$37.04,37.04,27.54,3
ORD-10985,08/22/2025,"Vista Monitor 27""",Electronics,North,Online,1,$299.83,299.83,217.16,5
ORD-10556,05/18/2025,Cove Bookshelf,Furniture,East,Online,1,$121.60,121.6,67.9,5
ORD-11507,11/30/2025,Cove Bookshelf,Furniture,North,Online,1,$135.94,135.94,82.73,4
ORD-11166,10/02/2025,Nimbus Office Chair,Furniture,North,Online,1,$186.67,186.67,133.65,5
ORD-10193,02/21/2025,Halo Desk Organizer,Home & Living,South,Retail,1,$18.84,18.84,12.37,
ORD-10831,07/20/2025,Lumen LED Strip,Electronics,South,Online,2,$24.91,49.82,36.07,5
ORD-10575,05/23/2025,Lumen LED Strip,Electronics,West,Online,1,$24.06,24.06,14.93,5
ORD-12063,03/07/2026,"Vista Monitor 27""",Electronics,North,Partner,1,$299.72,299.72,200.27,5
ORD-11321,11/01/2025,Cove Bookshelf,Furniture,East,Partner,1,$129.34,129.34,89.99,4
ORD-10299,03/16/2025,Lumen LED Strip,Electronics,South,Online,4,$24.75,99.0,68.38,4
ORD-11574,12/09/2025,Cove Bookshelf,Furniture,East,Online,1,$125.49,125.49,88.39,5
ORD-11451,11/22/2025,Halo Desk Organizer,Home & Living,East,Online,1,$20.30,20.3,14.31,4
ORD-10289,03/15/2025,Terra Ceramic Planter,Home & Living,North,Partner,1,$29.14,29.14,20.55,4
ORD-11568,12/08/2025,Zephyr Standing Desk,Furniture,North,Online,1,$450.75,450.75,322.68,3
ORD-10331,03/24/2025,Lumen LED Strip,Electronics,South,Online,2,$23.92,47.84,28.01,5
ORD-11021,08/31/2025,Nimbus Office Chair,Furniture,North,Online,2,$196.02,392.04,281.61,
ORD-11361,11/08/2025,Zephyr Standing Desk,Furniture,South,Retail,3,$479.22,1437.66,813.36,3
ORD-10897,08/04/2025,"Vista Monitor 27""",Electronics,South,Online,2,$281.55,563.1,314.28,4
ORD-11556,12/06/2025,Aurora Desk Lamp,Home & Living,South,Retail,2,$41.31,82.62,49.28,4
ORD-10823,07/18/2025,Cove Bookshelf,Furniture,North,Retail,1,$127.98,127.98,76.51,5
ORD-10040,01/12/2025,Zephyr Standing Desk,Furniture,West,Online,3,$432.08,1296.24,943.59,4
ORD-10880,07/30/2025,Aurora Desk Lamp,Home & Living,West,Online,1,$44.93,44.93,29.33,2
ORD-11325,11/02/2025,"Vista Monitor 27""",Electronics,North,Online,2,$298.38,596.76,347.49,2
ORD-11598,12/12/2025,Pulse Wireless Mouse,Electronics,South,Retail,3,$32.72,98.16,60.96,5
ORD-11509,11/30/2025,Echo Mechanical Keyboard,Electronics,East,Online,3,$82.97,248.91,154.94,5
ORD-11974,02/18/2026,Halo Desk Organizer,Home & Living,West,Online,2,$18.47,36.94,22.59,5
ORD-12140,03/23/2026,Cove Bookshelf,Furniture,East,Retail,2,$128.57,257.14,188.19,3
ORD-11020,08/31/2025,Aurora Desk Lamp,Home & Living,West,Retail,4,$42.62,170.48,101.99,5
ORD-10577,05/23/2025,Zephyr Standing Desk,Furniture,West,Retail,2,$424.38,848.76,569.01,
ORD-12326,04/28/2026,Zephyr Standing Desk,Furniture,North,Retail,4,$454.49,1817.96,1118.64,5
ORD-10490,05/03/2025,"Vista Monitor 27""",Electronics,West,Online,1,$271.76,271.76,197.73,5
ORD-11411,11/15/2025,Zephyr Standing Desk,Furniture,North,Retail,3,$483.08,1449.24,1052.51,1
ORD-12522,06/03/2026,Terra Ceramic Planter,Home & Living,West,Retail,4,$26.84,107.36,73.46,3
ORD-10640,06/04/2025,Terra Ceramic Planter,Home & Living,South,Online,1,$29.06,29.06,18.25,5
ORD-10790,07/10/2025,Lumen LED Strip,Electronics,West,Online,1,$23.90,23.9,13.84,5
ORD-10409,04/12/2025,Zephyr Standing Desk,Furniture,West,Online,1,$421.75,421.75,262.18,5
ORD-10962,08/17/2025,Pulse Wireless Mouse,Electronics,East,Retail,2,$33.78,67.56,49.01,4
ORD-11641,12/19/2025,Zephyr Standing Desk,Furniture,North,Partner,2,$461.43,922.86,554.77,2
ORD-11207,10/10/2025,Aurora Desk Lamp,Home & Living,South,Retail,1,$39.44,39.44,24.82,3
ORD-10933,08/12/2025,Nimbus Office Chair,Furniture,North,Partner,3,$184.87,554.61,377.96,3
ORD-10846,07/22/2025,Aurora Desk Lamp,Home & Living,North,Retail,2,$42.80,85.6,53.34,2
ORD-11559,12/07/2025,"Vista Monitor 27""",Electronics,South,Online,1,$267.93,267.93,164.05,4
ORD-10167,02/16/2025,Echo Mechanical Keyboard,Electronics,East,Online,3,$88.00,264.0,160.16,4
ORD-11390,11/12/2025,Lumen LED Strip,Electronics,West,Online,2,$22.73,45.46,26.74,5
ORD-10742,06/29/2025,Halo Desk Organizer,Home & Living,North,Retail,2,$19.32,38.64,22.7,4
ORD-11369,11/09/2025,Echo Mechanical Keyboard,Electronics,East,Online,4,$88.77,355.08,238.9,4
ORD-10339,03/26/2025,Terra Ceramic Planter,Home & Living,North,Retail,1,$26.23,26.23,14.94,5
ORD-12409,05/14/2026,Aurora Desk Lamp,Home & Living,South,Partner,1,$38.70,38.7,28.5,2
ORD-12484,05/28/2026,Nimbus Office Chair,Furniture,South,Online,2,$197.27,394.54,219.8,5
ORD-12332,04/30/2026,Aurora Desk Lamp,Home & Living,East,Online,2,$39.00,78.0,44.82,5
ORD-11693,12/27/2025,Aurora Desk Lamp,Home & Living,East,Online,1,$44.14,44.14,26.06,4
ORD-10807,07/14/2025,Echo Mechanical Keyboard,Electronics,North,Partner,1,$86.63,86.63,52.89,2
ORD-11480,11/26/2025,Echo Mechanical Keyboard,Electronics,East,Online,3,$94.70,284.1,196.34,4
ORD-10623,06/02/2025,"Vista Monitor 27""",Electronics,West,Online,2,$294.13,588.26,334.87,4
ORD-10149,02/11/2025,Lumen LED Strip,Electronics,South,Online,1,$23.10,23.1,13.29,2
ORD-11833,01/22/2026,Lumen LED Strip,Electronics,South,Partner,1,$24.70,24.7,16.61,5
ORD-11022,09/01/2025,Nimbus Office Chair,Furniture,North,Online,2,$187.45,374.9,249.12,4
ORD-12506,05/31/2026,Nimbus Office Chair,Furniture,East,Online,2,$176.06,352.12,214.79,4
ORD-11931,02/11/2026,Echo Mechanical Keyboard,Electronics,North,Retail,2,$88.38,176.76,113.92,4
ORD-11824,01/20/2026,Terra Ceramic Planter,Home & Living,North,Partner,1,$26.40,26.4,17.67,4
ORD-12242,04/12/2026,Zephyr Standing Desk,Furniture,South,Partner,2,$461.49,922.98,523.55,4
ORD-12144,03/24/2026,Lumen LED Strip,Electronics,North,Online,3,$24.76,74.28,42.18,5
ORD-11094,09/17/2025,Terra Ceramic Planter,Home & Living,North,Retail,4,$30.14,120.56,72.2,4
ORD-12228,04/10/2026,Nimbus Office Chair,Furniture,North,Online,2,$177.29,354.58,248.23,4
ORD-10378,04/04/2025,Halo Desk Organizer,Home & Living,East,Retail,1,$19.46,19.46,12.42,3
ORD-12214,04/06/2026,Pulse Wireless Mouse,Electronics,West,Online,1,$35.49,35.49,25.01,1
ORD-11127,09/24/2025,Terra Ceramic Planter,Home & Living,West,Online,1,$30.21,30.21,19.96,2
ORD-11162,10/02/2025,Cove Bookshelf,Furniture,South,Online,1,$126.28,126.28,70.91,4
ORD-10039,01/11/2025,Pulse Wireless Mouse,Electronics,East,Online,4,$35.63,142.52,106.53,
ORD-10769,07/06/2025,Nimbus Office Chair,Furniture,East,Retail,1,$191.50,191.5,128.75,4
ORD-12189,04/02/2026,Lumen LED Strip,Electronics,East,Retail,1,$23.47,23.47,14.78,1
ORD-11131,09/25/2025,"Vista Monitor 27""",Electronics,North,Online,3,$294.25,882.75,515.63,4
ORD-10803,07/13/2025,Nimbus Office Chair,Furniture,North,Online,2,$195.88,391.76,276.37,1
ORD-10006,01/02/2025,Pulse Wireless Mouse,Electronics,West,Retail,1,$36.84,36.84,24.82,2
ORD-11549,12/05/2025,Aurora Desk Lamp,Home & Living,West,Retail,2,$40.47,80.94,46.52,3
ORD-11971,02/18/2026,Terra Ceramic Planter,Home & Living,North,Retail,1,$26.46,26.46,17.72,5
ORD-12460,05/24/2026,Zephyr Standing Desk,Furniture,West,Online,1,$484.08,484.08,310.25,5
ORD-11592,12/11/2025,"Vista Monitor 27""",Electronics,East,Retail,3,$287.42,862.26,544.82,1
ORD-11998,02/22/2026,Halo Desk Organizer,Home & Living,North,Online,3,$20.02,60.06,41.24,
ORD-11892,02/03/2026,Echo Mechanical Keyboard,Electronics,North,Online,1,$92.56,92.56,62.45,5
ORD-10738,06/28/2025,Echo Mechanical Keyboard,Electronics,North,Online,3,$88.70,266.1,171.61,3
ORD-11461,11/23/2025,Nimbus Office Chair,Furniture,West,Retail,2,$187.15,374.3,252.69,3
ORD-10493,05/03/2025,Terra Ceramic Planter,Home & Living,East,Online,5,$29.69,148.45,89.24,1
ORD-10645,06/05/2025,Lumen LED Strip,Electronics,West,Online,2,$22.91,45.82,29.05,4
ORD-12268,04/17/2026,Nimbus Office Chair,Furniture,West,Online,3,$200.42,601.26,438.18,2
ORD-11227,10/14/2025,Zephyr Standing Desk,Furniture,East,Retail,2,$450.90,901.8,653.9,2
ORD-11958,02/16/2026,Terra Ceramic Planter,Home & Living,East,Retail,2,$25.85,51.7,33.87,2
ORD-12563,06/10/2026,Pulse Wireless Mouse,Electronics,West,Online,1,$35.53,35.53,23.11,4
ORD-10692,06/17/2025,Cove Bookshelf,Furniture,North,Retail,2,$128.65,257.3,179.08,1
ORD-10109,02/01/2025,Cove Bookshelf,Furniture,North,Online,2,$136.62,273.24,175.53,5
ORD-11571,12/09/2025,Aurora Desk Lamp,Home & Living,West,Partner,1,$44.88,44.88,27.15,5
ORD-11056,09/08/2025,Echo Mechanical Keyboard,Electronics,North,Partner,2,$86.56,173.12,126.86,5
ORD-11719,12/31/2025,Echo Mechanical Keyboard,Electronics,West,Online,1,$88.69,88.69,57.8,5
ORD-11075,09/12/2025,Pulse Wireless Mouse,Electronics,North,Online,3,$35.62,106.86,68.0,1
ORD-10747,06/30/2025,Lumen LED Strip,Electronics,East,Online,3,$24.86,74.58,47.87,1
ORD-12254,04/14/2026,"Vista Monitor 27""",Electronics,East,Retail,1,$284.52,284.52,208.57,3
ORD-12396,05/11/2026,Halo Desk Organizer,Home & Living,East,Retail,1,$19.15,19.15,11.73,2
ORD-11063,09/10/2025,Terra Ceramic Planter,Home & Living,East,Online,2,$26.26,52.52,31.8,4
ORD-10665,06/11/2025,Aurora Desk Lamp,Home & Living,North,Retail,2,$41.94,83.88,61.06,1
ORD-12232,04/11/2026,Aurora Desk Lamp,Home & Living,North,Online,2,$40.23,80.46,47.55,5
ORD-11933,02/11/2026,Pulse Wireless Mouse,Electronics,West,Retail,1,$33.03,33.03,22.61,5
ORD-11678,12/24/2025,Nimbus Office Chair,Furniture,South,Online,1,$201.28,201.28,116.04,4
ORD-10667,06/11/2025,Halo Desk Organizer,Home & Living,West,Partner,2,$17.69,35.38,21.61,2
ORD-10199,02/22/2025,Echo Mechanical Keyboard,Electronics,North,Retail,1,$85.08,85.08,52.22,4
ORD-12173,03/29/2026,Nimbus Office Chair,Furniture,East,Retail,3,$176.74,530.22,355.23,2
ORD-10718,06/24/2025,Aurora Desk Lamp,Home & Living,South,Online,2,$43.43,86.86,51.28,3
ORD-11081,09/14/2025,Echo Mechanical Keyboard,Electronics,West,Online,3,$86.31,,188.25,4
ORD-10886,08/01/2025,"Vista Monitor 27""",Electronics,West,Online,1,$262.89,262.89,167.83,4
ORD-12637,06/23/2026,Halo Desk Organizer,Home & Living,North,Partner,2,$18.16,36.32,20.37,4
ORD-10988,08/23/2025,Pulse Wireless Mouse,Electronics,East,Online,1,$34.22,34.22,23.43,4
ORD-10587,05/25/2025,Cove Bookshelf,Furniture,East,Online,1,$127.36,127.36,92.33,5
ORD-12534,06/05/2026,Lumen LED Strip,Electronics,North,Partner,4,$22.31,89.24,50.66,4
ORD-12553,06/08/2026,Pulse Wireless Mouse,Electronics,South,Retail,2,$32.97,65.94,47.2,4
ORD-11602,12/13/2025,Cove Bookshelf,Furniture,South,Online,1,$121.57,121.57,81.13,5
ORD-10313,03/20/2025,Terra Ceramic Planter,Home & Living,North,Online,1,$28.24,28.24,15.85,5
ORD-12593,06/14/2026,"Vista Monitor 27""",Electronics,North,Partner,1,$276.09,276.09,190.91,5
ORD-11232,10/15/2025,Halo Desk Organizer,Home & Living,South,Online,3,$18.75,56.25,36.09,5
ORD-10126,02/05/2025,Zephyr Standing Desk,Furniture,West,Retail,1,$425.29,425.29,240.63,4
ORD-11671,12/23/2025,"Vista Monitor 27""",Electronics,North,Partner,1,$264.51,264.51,192.94,4
ORD-11536,12/04/2025,Lumen LED Strip,Electronics,East,Retail,1,$25.44,25.44,17.39,5
ORD-10318,03/21/2025,Terra Ceramic Planter,Home & Living,South,Retail,1,$28.79,28.79,18.95,2
ORD-11993,02/21/2026,Lumen LED Strip,Electronics,West,Partner,3,$23.01,69.03,46.38,4
ORD-10861,07/26/2025,Aurora Desk Lamp,Home & Living,North,Online,1,$41.36,41.36,26.88,4
ORD-10183,02/19/2025,Nimbus Office Chair,Furniture,South,Online,1,$181.37,181.37,115.63,3
ORD-10794,07/11/2025,Zephyr Standing Desk,Furniture,North,Online,1,$435.59,435.59,240.5,5
ORD-12066,03/07/2026,Lumen LED Strip,Electronics,North,Partner,1,$24.58,24.58,13.71,4
ORD-11111,09/20/2025,Cove Bookshelf,Furniture,West,Online,1,$119.30,119.3,68.93,1
ORD-10200,02/23/2025,Pulse Wireless Mouse,Electronics,West,Retail,1,$37.34,37.34,24.07,5
ORD-10011,01/03/2025,Nimbus Office Chair,Furniture,West,Online,1,$180.26,180.26,133.14,5
ORD-10242,03/03/2025,Echo Mechanical Keyboard,Electronics,East,Retail,1,$82.57,82.57,50.06,5
ORD-11327,11/02/2025,"Vista Monitor 27""",Electronics,North,Partner,1,$262.21,262.21,174.04,5
ORD-11251,10/18/2025,Echo Mechanical Keyboard,Electronics,South,Retail,1,$92.58,92.58,65.37,5
ORD-10133,02/07/2025,Nimbus Office Chair,Furniture,East,Retail,3,$183.22,549.66,350.77,2
ORD-11663,12/22/2025,Zephyr Standing Desk,Furniture,East,Online,3,$428.17,1284.51,731.43,5
ORD-10448,04/21/2025,Halo Desk Organizer,Home & Living,South,Online,3,$19.51,58.53,33.19,5
ORD-10497,05/04/2025,Nimbus Office Chair,Furniture,West,Retail,1,$188.93,188.93,126.92,4
ORD-10196,02/22/2025,"Vista Monitor 27""",Electronics,West,Online,3,$261.26,783.78,563.68,3
ORD-10743,06/29/2025,Echo Mechanical Keyboard,Electronics,South,Retail,1,$83.12,83.12,60.3,
ORD-11911,02/06/2026,"Vista Monitor 27""",Electronics,West,Online,3,$282.64,847.92,528.78,4
ORD-11528,12/03/2025,Pulse Wireless Mouse,Electronics,West,Retail,2,$33.76,67.52,46.17,4
ORD-12096,03/14/2026,Terra Ceramic Planter,Home & Living,East,Retail,3,$28.19,84.57,50.98,4
ORD-12292,04/22/2026,"Vista Monitor 27""",Electronics,North,Online,3,$277.36,832.08,461.68,5
ORD-12071,03/08/2026,Lumen LED Strip,Electronics,East,Online,3,$24.87,74.61,43.68,5
ORD-10300,03/17/2025,Cove Bookshelf,Furniture,South,Partner,1,$132.07,132.07,80.79,5
ORD-10584,05/25/2025,Terra Ceramic Planter,Home & Living,East,Online,1,$26.67,26.67,19.25,3
ORD-12076,03/09/2026,Nimbus Office Chair,Furniture,East,Online,2,$189.01,378.02,271.05,5
ORD-11996,02/22/2026,Aurora Desk Lamp,Home & Living,West,Online,1,$42.28,42.28,25.55,
ORD-10084,01/24/2025,Nimbus Office Chair,Furniture,West,Retail,1,$182.31,182.31,116.71,5
ORD-10096,01/29/2025,Halo Desk Organizer,Home & Living,West,Partner,2,$18.85,37.7,24.07,4
ORD-11643,12/19/2025,"Vista Monitor 27""",Electronics,East,Online,1,$286.79,286.79,159.43,4
ORD-10754,07/01/2025,Halo Desk Organizer,Home & Living,East,Online,3,$20.19,60.57,40.94,4
ORD-10070,01/18/2025,Echo Mechanical Keyboard,Electronics,West,Retail,1,$86.13,86.13,54.09,5
ORD-10998,08/26/2025,Lumen LED Strip,Electronics,West,Partner,2,$24.34,48.68,33.44,5
ORD-12541,06/06/2026,Halo Desk Organizer,Home & Living,West,Online,2,$18.87,37.74,23.44,5
ORD-12029,02/28/2026,Lumen LED Strip,Electronics,East,Online,3,$25.74,,45.47,3
ORD-10922,08/09/2025,Halo Desk Organizer,Home & Living,South,Online,2,$20.05,40.1,22.81,5
ORD-11644,12/19/2025,Halo Desk Organizer,Home & Living,East,Online,1,$17.55,17.55,13.07,
ORD-10132,02/07/2025,Lumen LED Strip,Electronics,East,Retail,2,$24.41,48.82,30.29,3
ORD-10334,03/25/2025,"Vista Monitor 27""",Electronics,North,Retail,1,$292.29,292.29,209.35,5
ORD-12295,04/23/2026,Aurora Desk Lamp,Home & Living,East,Online,1,$42.07,42.07,29.66,5
ORD-10607,05/29/2025,Aurora Desk Lamp,Home & Living,South,Retail,1,$41.88,41.88,25.19,4
ORD-10866,07/27/2025,Pulse Wireless Mouse,Electronics,West,Retail,4,$33.30,133.2,75.49,2
ORD-11895,02/04/2026,Cove Bookshelf,Furniture,East,Online,2,$125.29,,187.2,4
ORD-12614,06/19/2026,Halo Desk Organizer,Home & Living,North,Retail,3,$18.42,55.26,31.67,4
ORD-10239,03/03/2025,Nimbus Office Chair,Furniture,West,Partner,4,$200.01,800.04,506.93,4
ORD-12461,05/24/2026,Zephyr Standing Desk,Furniture,North,Partner,2,$440.39,,537.76,5
ORD-12330,04/29/2026,Nimbus Office Chair,Furniture,West,Online,3,$178.17,534.51,314.37,5
ORD-12447,05/21/2026,Halo Desk Organizer,Home & Living,West,Partner,1,$18.95,18.95,12.02,3
ORD-11708,12/29/2025,Echo Mechanical Keyboard,Electronics,East,Retail,3,$86.72,260.16,170.55,5
ORD-10506,05/06/2025,Nimbus Office Chair,Furniture,West,Retail,1,$186.46,186.46,124.58,3
ORD-10855,07/25/2025,Halo Desk Organizer,Home & Living,East,Retail,1,$18.47,18.47,12.35,5
ORD-11918,02/08/2026,Aurora Desk Lamp,Home & Living,South,Online,2,$40.09,80.18,47.0,5
ORD-12487,05/28/2026,Aurora Desk Lamp,Home & Living,East,Online,2,$41.37,82.74,50.02,5
ORD-10281,03/12/2025,Lumen LED Strip,Electronics,South,Online,2,$24.30,48.6,27.17,1
ORD-12031,02/28/2026,Zephyr Standing Desk,Furniture,South,Partner,2,$447.75,895.5,504.36,5
ORD-11496,11/28/2025,Zephyr Standing Desk,Furniture,North,Retail,2,$475.67,951.34,648.05,
ORD-11491,11/28/2025,Pulse Wireless Mouse,Electronics,East,Retail,1,$35.65,35.65,22.19,5
ORD-10915,08/08/2025,Terra Ceramic Planter,Home & Living,East,Online,3,$27.36,82.08,50.91,4
ORD-10500,05/05/2025,Nimbus Office Chair,Furniture,East,Online,2,$195.76,391.52,286.18,4
ORD-10878,07/30/2025,Nimbus Office Chair,Furniture,East,Online,1,$174.41,174.41,104.98,5
ORD-11550,12/06/2025,Nimbus Office Chair,Furniture,East,Retail,1,$176.19,176.19,114.68,1
ORD-11061,09/09/2025,Pulse Wireless Mouse,Electronics,East,Retail,1,$33.27,,23.73,4
ORD-12465,05/25/2026,Nimbus Office Chair,Furniture,North,Online,1,$202.30,202.3,128.9,5
ORD-10746,06/30/2025,Cove Bookshelf,Furniture,West,Online,1,$134.56,134.56,76.65,3
ORD-11222,10/13/2025,Terra Ceramic Planter,Home & Living,North,Retail,2,$29.97,59.94,34.68,4
ORD-12576,06/12/2026,Aurora Desk Lamp,Home & Living,South,Retail,4,$43.29,173.16,109.47,3
ORD-10694,06/18/2025,Pulse Wireless Mouse,Electronics,North,Partner,3,$32.25,96.75,60.73,4
ORD-12633,06/23/2026,Aurora Desk Lamp,Home & Living,South,Online,2,$45.34,90.68,63.66,3
ORD-12069,03/08/2026,Terra Ceramic Planter,Home & Living,West,Retail,4,$29.04,116.16,81.7,1
ORD-11317,11/01/2025,Lumen LED Strip,Electronics,South,Online,2,$23.29,46.58,29.26,2
ORD-11123,09/23/2025,"Vista Monitor 27""",Electronics,South,Retail,1,$269.53,269.53,195.73,4
ORD-11952,02/15/2026,"Vista Monitor 27""",Electronics,West,Online,2,$268.94,537.88,356.62,1
ORD-10693,06/17/2025,Terra Ceramic Planter,Home & Living,North,Retail,1,$25.95,25.95,15.16,5
ORD-11570,12/08/2025,Nimbus Office Chair,Furniture,North,Online,3,$175.73,527.19,339.37,5
ORD-10547,05/16/2025,Zephyr Standing Desk,Furniture,North,Retail,4,$451.39,1805.56,1219.45,
ORD-10657,06/09/2025,Echo Mechanical Keyboard,Electronics,East,Online,1,$82.44,82.44,56.99,5
ORD-11215,10/12/2025,Nimbus Office Chair,Furniture,East,Online,1,$175.06,175.06,116.42,4
ORD-11489,11/27/2025,Halo Desk Organizer,Home & Living,North,Partner,1,$19.67,19.67,13.84,5
ORD-10820,07/18/2025,Cove Bookshelf,Furniture,West,Retail,2,$130.69,261.38,150.73,5
ORD-12204,04/04/2026,Pulse Wireless Mouse,Electronics,West,Online,2,$34.61,69.22,45.88,5
ORD-12513,06/01/2026,"Vista Monitor 27""",Electronics,West,Online,1,$277.15,277.15,194.49,1
ORD-11245,10/17/2025,Terra Ceramic Planter,Home & Living,East,Online,1,$27.96,27.96,15.85,2
ORD-10347,03/27/2025,"Vista Monitor 27""",Electronics,West,Retail,1,$288.14,288.14,170.34,2
ORD-10591,05/26/2025,Aurora Desk Lamp,Home & Living,North,Online,1,$44.04,44.04,27.82,5
ORD-11306,10/30/2025,Zephyr Standing Desk,Furniture,West,Online,2,$423.15,846.3,554.74,4
ORD-11615,12/15/2025,Halo Desk Organizer,Home & Living,East,Retail,1,$18.68,18.68,10.54,5
ORD-12123,03/19/2026,Nimbus Office Chair,Furniture,South,Online,1,$194.47,194.47,144.92,4
ORD-11436,11/20/2025,Nimbus Office Chair,Furniture,North,Online,2,$183.96,367.92,209.52,4
ORD-11395,11/13/2025,Lumen LED Strip,Electronics,East,Online,1,$22.43,22.43,15.77,4
ORD-10316,03/20/2025,Pulse Wireless Mouse,Electronics,South,Partner,3,$32.38,97.14,71.47,5
ORD-10399,04/10/2025,Nimbus Office Chair,Furniture,North,Online,3,$197.27,591.81,362.27,4
ORD-10850,07/23/2025,Cove Bookshelf,Furniture,South,Retail,2,$137.24,274.48,175.78,2
ORD-10817,07/17/2025,Halo Desk Organizer,Home & Living,West,Partner,2,$19.93,39.86,25.32,5
ORD-11263,10/20/2025,Echo Mechanical Keyboard,Electronics,East,Online,2,$92.46,184.92,123.49,4
ORD-11058,09/09/2025,Nimbus Office Chair,Furniture,West,Online,1,$190.17,190.17,138.54,2
ORD-11314,11/01/2025,Nimbus Office Chair,Furniture,East,Retail,3,$196.76,590.28,361.15,1
ORD-10219,02/27/2025,Halo Desk Organizer,Home & Living,South,Online,2,$18.85,37.7,23.53,3
ORD-11811,01/18/2026,Terra Ceramic Planter,Home & Living,North,Online,3,$29.07,87.21,57.1,1
ORD-11855,01/27/2026,Nimbus Office Chair,Furniture,South,Retail,4,$194.11,776.44,576.36,2
ORD-10677,06/13/2025,Pulse Wireless Mouse,Electronics,North,Online,1,$33.50,33.5,23.86,4
ORD-12443,05/20/2026,Lumen LED Strip,Electronics,North,Online,1,$22.75,22.75,12.52,5
ORD-11951,02/15/2026,Nimbus Office Chair,Furniture,West,Retail,2,$174.19,,200.55,5
ORD-10117,02/03/2025,Echo Mechanical Keyboard,Electronics,West,Partner,1,$87.25,87.25,64.27,4
ORD-11723,12/31/2025,Aurora Desk Lamp,Home & Living,East,Retail,1,$39.50,39.5,22.96,1
ORD-11266,10/21/2025,Cove Bookshelf,Furniture,North,Retail,1,$133.56,133.56,74.63,4
ORD-12294,04/22/2026,Echo Mechanical Keyboard,Electronics,North,Online,1,$89.88,89.88,54.21,5
ORD-10307,03/19/2025,Nimbus Office Chair,Furniture,East,Retail,2,$189.17,378.34,236.33,5
ORD-12360,05/04/2026,Pulse Wireless Mouse,Electronics,North,Retail,2,$36.47,72.94,46.49,5
ORD-11608,12/14/2025,Pulse Wireless Mouse,Electronics,West,Online,2,$37.16,74.32,55.22,5
ORD-11172,10/03/2025,Pulse Wireless Mouse,Electronics,South,Partner,1,$37.70,37.7,27.31,
ORD-10483,05/01/2025,Zephyr Standing Desk,Furniture,West,Partner,2,$484.37,968.74,599.2,5
ORD-11785,01/12/2026,Zephyr Standing Desk,Furniture,East,Partner,3,$414.67,1244.01,795.79,5
ORD-12394,05/10/2026,Terra Ceramic Planter,Home & Living,East,Partner,1,$29.29,29.29,21.03,5
ORD-11903,02/05/2026,Echo Mechanical Keyboard,Electronics,West,Online,2,$89.93,179.86,119.37,3
ORD-10484,05/02/2025,Zephyr Standing Desk,Furniture,East,Online,3,$469.04,1407.12,911.13,1
ORD-11026,09/01/2025,Nimbus Office Chair,Furniture,East,Online,1,$175.76,175.76,127.9,4
ORD-12514,06/02/2026,Aurora Desk Lamp,Home & Living,South,Online,3,$39.13,117.39,69.55,5
ORD-11676,12/24/2025,"Vista Monitor 27""",Electronics,North,Retail,2,$281.98,563.96,338.15,4
ORD-10851,07/23/2025,Lumen LED Strip,Electronics,North,Partner,3,$22.39,67.17,49.01,2
ORD-10229,03/02/2025,Halo Desk Organizer,Home & Living,South,Partner,1,$18.03,18.03,13.4,1
ORD-11323,11/02/2025,Lumen LED Strip,Electronics,East,Online,2,$22.37,44.74,25.97,1
ORD-12636,06/23/2026,Aurora Desk Lamp,Home & Living,South,Partner,2,$40.51,81.02,51.57,3
ORD-10211,02/25/2025,Pulse Wireless Mouse,Electronics,North,Retail,3,$33.80,101.4,73.25,4
ORD-11235,10/16/2025,Halo Desk Organizer,Home & Living,East,Online,2,$17.65,35.3,24.66,1
ORD-11901,02/05/2026,Nimbus Office Chair,Furniture,East,Online,2,$175.47,350.94,215.94,5
ORD-12153,03/26/2026,Lumen LED Strip,Electronics,North,Online,1,$22.42,22.42,15.58,5
ORD-11675,12/24/2025,Cove Bookshelf,Furniture,West,Partner,3,$129.72,389.16,271.73,1
ORD-10337,03/25/2025,Cove Bookshelf,Furniture,East,Partner,5,$133.16,665.8,474.36,2
ORD-11647,12/20/2025,Cove Bookshelf,Furniture,South,Online,1,$127.31,127.31,85.28,2
ORD-11423,11/17/2025,Halo Desk Organizer,Home & Living,East,Online,2,$19.18,38.36,22.35,
ORD-10977,08/20/2025,Nimbus Office Chair,Furniture,East,Retail,2,$188.69,377.38,274.39,5
ORD-10976,08/20/2025,Terra Ceramic Planter,Home & Living,West,Retail,3,$29.06,87.18,64.02,4
ORD-10858,07/25/2025,Halo Desk Organizer,Home & Living,North,Partner,2,$20.29,40.58,28.1,3
ORD-12062,03/07/2026,Pulse Wireless Mouse,Electronics,East,Online,1,$37.76,37.76,25.39,1
ORD-12436,05/18/2026,Zephyr Standing Desk,Furniture,West,Online,3,$456.10,1368.3,836.33,3
ORD-10160,02/14/2025,Zephyr Standing Desk,Furniture,South,Retail,1,$420.85,420.85,302.62,5
ORD-12087,03/11/2026,Aurora Desk Lamp,Home & Living,South,Partner,1,$44.41,44.41,24.91,3
ORD-11915,02/07/2026,Zephyr Standing Desk,Furniture,North,Partner,1,$421.18,421.18,264.29,4
ORD-12401,05/12/2026,Halo Desk Organizer,Home & Living,North,Online,1,$18.27,18.27,11.41,1
ORD-10638,06/04/2025,Echo Mechanical Keyboard,Electronics,West,Online,1,$91.67,91.67,59.44,5
ORD-10478,05/01/2025,Cove Bookshelf,Furniture,North,Online,1,$132.25,132.25,87.5,4
ORD-10102,01/30/2025,Halo Desk Organizer,Home & Living,North,Online,1,$19.76,19.76,13.12,4
ORD-11400,11/14/2025,Zephyr Standing Desk,Furniture,East,Online,2,$462.38,924.76,684.6,5
ORD-12370,05/06/2026,Echo Mechanical Keyboard,Electronics,North,Online,1,$84.34,84.34,60.08,5
ORD-10247,03/05/2025,Cove Bookshelf,Furniture,East,Online,2,$133.41,266.82,189.65,5
ORD-10120,02/03/2025,Halo Desk Organizer,Home & Living,West,Online,3,$18.49,55.47,31.62,5
ORD-12435,05/17/2026,Pulse Wireless Mouse,Electronics,South,Retail,3,$36.70,110.1,73.06,5
ORD-12318,04/27/2026,"Vista Monitor 27""",Electronics,East,Retail,1,$260.37,260.37,178.97,2
ORD-11435,11/19/2025,Aurora Desk Lamp,Home & Living,East,Retail,3,$41.75,125.25,88.0,2
ORD-10014,01/05/2025,Nimbus Office Chair,Furniture,South,Retail,2,$194.46,388.92,260.3,5
ORD-10034,01/10/2025,Zephyr Standing Desk,Furniture,West,Online,2,$418.00,836.0,471.16,5
ORD-10688,06/15/2025,Zephyr Standing Desk,Furniture,West,Online,2,$484.03,968.06,651.74,3
ORD-12260,04/15/2026,Echo Mechanical Keyboard,Electronics,North,Online,1,$93.65,93.65,62.96,3
ORD-10621,06/01/2025,"Vista Monitor 27""",Electronics,West,Online,2,$278.98,557.96,417.97,4
ORD-10051,01/14/2025,Aurora Desk Lamp,Home & Living,North,Online,4,$39.84,159.36,118.33,5
ORD-12434,05/17/2026,Lumen LED Strip,Electronics,East,Partner,2,$24.55,49.1,28.22,5
ORD-11799,01/15/2026,Halo Desk Organizer,Home & Living,West,Online,1,$18.82,18.82,13.54,5
ORD-10987,08/23/2025,"Vista Monitor 27""",Electronics,West,Retail,1,$287.56,287.56,208.12,5
ORD-11223,10/13/2025,Lumen LED Strip,Electronics,North,Retail,1,$24.57,24.57,16.03,4
ORD-12000,02/22/2026,Halo Desk Organizer,Home & Living,South,Retail,2,$18.22,36.44,25.13,5
ORD-11826,01/21/2026,Lumen LED Strip,Electronics,South,Partner,1,$25.54,25.54,14.34,5
ORD-12210,04/05/2026,Terra Ceramic Planter,Home & Living,East,Online,1,$28.41,28.41,17.66,4
ORD-10651,06/07/2025,Pulse Wireless Mouse,Electronics,East,Partner,1,$34.22,34.22,19.18,4
ORD-11256,10/19/2025,Halo Desk Organizer,Home & Living,East,Retail,2,$18.03,36.06,26.99,4
ORD-10518,05/10/2025,Lumen LED Strip,Electronics,East,Retail,1,$22.09,22.09,13.72,5
ORD-12549,06/07/2026,Cove Bookshelf,Furniture,North,Retail,1,$135.28,,84.2,4
ORD-10146,02/11/2025,Halo Desk Organizer,Home & Living,East,Retail,2,$18.10,36.2,25.92,4
ORD-11226,10/14/2025,Lumen LED Strip,Electronics,West,Retail,2,$25.84,51.68,30.72,2
ORD-11023,09/01/2025,Halo Desk Organizer,Home & Living,East,Online,1,$19.39,19.39,12.73,4
ORD-11019,08/31/2025,Lumen LED Strip,Electronics,East,Retail,1,$22.44,22.44,14.82,3
ORD-11563,12/07/2025,Zephyr Standing Desk,Furniture,North,Partner,1,$427.26,427.26,309.31,
ORD-12273,04/18/2026,Halo Desk Organizer,Home & Living,East,Retail,1,$18.29,18.29,13.16,2
ORD-11656,12/21/2025,"Vista Monitor 27""",Electronics,West,Online,2,$300.86,601.72,426.83,2
ORD-12148,03/25/2026,Cove Bookshelf,Furniture,North,Online,1,$131.70,131.7,97.95,4
ORD-12518,06/02/2026,Cove Bookshelf,Furniture,North,Online,1,$137.54,137.54,89.69,2
ORD-10937,08/12/2025,Zephyr Standing Desk,Furniture,North,Online,2,$442.42,884.84,639.37,2
ORD-10757,07/02/2025,"Vista Monitor 27""",Electronics,North,Partner,3,$277.69,833.07,616.05,4
ORD-10254,03/06/2025,Terra Ceramic Planter,Home & Living,East,Retail,1,$27.87,27.87,20.06,5
ORD-12438,05/18/2026,Aurora Desk Lamp,Home & Living,West,Retail,2,$45.27,90.54,59.58,3
ORD-11389,11/12/2025,Nimbus Office Chair,Furniture,South,Retail,2,$174.19,348.38,198.93,5
ORD-10286,03/14/2025,Terra Ceramic Planter,Home & Living,North,Partner,1,$26.87,26.87,16.64,2
ORD-10624,06/02/2025,Cove Bookshelf,Furniture,South,Retail,1,$125.78,125.78,79.54,5
ORD-10319,03/21/2025,Cove Bookshelf,Furniture,North,Retail,2,$120.70,241.4,143.98,5
ORD-11535,12/04/2025,Pulse Wireless Mouse,Electronics,East,Partner,1,$33.51,33.51,20.77,4
ORD-10165,02/16/2025,Halo Desk Organizer,Home & Living,North,Retail,3,$19.29,57.87,42.05,1
ORD-12070,03/08/2026,"Vista Monitor 27""",Electronics,East,Online,2,$300.82,601.64,356.58,2
ORD-11224,10/13/2025,Terra Ceramic Planter,Home & Living,North,Online,1,$27.46,27.46,20.4,5
ORD-11418,11/16/2025,Lumen LED Strip,Electronics,West,Retail,1,$24.94,24.94,14.68,4
ORD-11255,10/19/2025,Pulse Wireless Mouse,Electronics,East,Retail,3,$36.80,110.4,65.1,5
ORD-10101,01/30/2025,Nimbus Office Chair,Furniture,North,Online,1,$201.35,201.35,144.03,4
ORD-11404,11/14/2025,Lumen LED Strip,Electronics,East,Online,2,$23.21,46.42,29.27,5
ORD-11013,08/29/2025,Nimbus Office Chair,Furniture,West,Online,1,$184.11,184.11,116.05,5
ORD-10717,06/23/2025,Cove Bookshelf,Furniture,North,Online,3,$138.04,414.12,285.42,5
ORD-10597,05/28/2025,Nimbus Office Chair,Furniture,South,Partner,2,$176.30,352.6,196.59,5
ORD-12337,05/01/2026,"Vista Monitor 27""",Electronics,West,Retail,1,$276.83,276.83,175.69,4
ORD-12015,02/25/2026,Halo Desk Organizer,Home & Living,West,Online,1,$19.66,19.66,13.76,5
ORD-12612,06/19/2026,Zephyr Standing Desk,Furniture,South,Retail,1,$468.01,468.01,300.5,5
ORD-10649,06/06/2025,Lumen LED Strip,Electronics,East,Partner,3,$23.85,71.55,50.39,5
ORD-11754,01/06/2026,"Vista Monitor 27""",Electronics,East,Online,2,$293.38,586.76,386.24,4
ORD-12440,05/19/2026,Halo Desk Organizer,Home & Living,North,Retail,2,$19.89,39.78,23.08,5
ORD-11959,02/16/2026,Terra Ceramic Planter,Home & Living,North,Online,1,$28.26,28.26,17.93,4
ORD-11440,11/20/2025,Nimbus Office Chair,Furniture,North,Online,1,$181.36,181.36,103.51,5
ORD-11078,09/13/2025,"Vista Monitor 27""",Electronics,North,Online,2,$279.77,559.54,373.53,2
ORD-11797,01/15/2026,Aurora Desk Lamp,Home & Living,North,Retail,2,$41.16,82.32,46.42,5
ORD-11348,11/06/2025,"Vista Monitor 27""",Electronics,East,Online,2,$275.80,551.6,322.9,5
ORD-11057,09/08/2025,"Vista Monitor 27""",Electronics,North,Retail,5,$256.87,1284.35,708.85,5
ORD-10295,03/16/2025,Zephyr Standing Desk,Furniture,South,Online,1,$440.98,440.98,265.03,5
ORD-11193,10/07/2025,Terra Ceramic Planter,Home & Living,East,Retail,1,$28.80,28.8,20.43,4
ORD-10346,03/27/2025,Zephyr Standing Desk,Furniture,North,Retail,2,$459.09,918.18,584.35,4
ORD-12441,05/20/2026,Zephyr Standing Desk,Furniture,West,Online,2,$480.88,961.76,637.95,5
ORD-11890,02/03/2026,Halo Desk Organizer,Home & Living,West,Retail,2,$20.22,40.44,30.05,4
ORD-12459,05/23/2026,"Vista Monitor 27""",Electronics,East,Online,2,$296.71,593.42,329.16,2
ORD-10749,06/30/2025,Pulse Wireless Mouse,Electronics,East,Online,1,$32.33,32.33,22.69,4
ORD-12028,02/28/2026,Zephyr Standing Desk,Furniture,North,Online,1,$423.30,423.3,310.28,5
ORD-10939,08/13/2025,Echo Mechanical Keyboard,Electronics,West,Retail,1,$93.58,93.58,51.86,1
ORD-10475,04/28/2025,Cove Bookshelf,Furniture,East,Retail,2,$135.30,270.6,192.25,3
ORD-10151,02/12/2025,Pulse Wireless Mouse,Electronics,North,Online,2,$34.77,69.54,51.65,5
ORD-10843,07/22/2025,"Vista Monitor 27""",Electronics,East,Online,1,$288.10,288.1,158.53,4
ORD-10675,06/13/2025,Lumen LED Strip,Electronics,North,Retail,2,$25.24,50.48,34.73,5
ORD-12345,05/02/2026,Nimbus Office Chair,Furniture,North,Partner,2,$203.18,406.36,289.57,4
ORD-12239,04/12/2026,"Vista Monitor 27""",Electronics,East,Online,1,$291.75,,194.81,2
ORD-10201,02/23/2025,"Vista Monitor 27""",Electronics,North,Partner,1,$257.53,257.53,152.75,5
ORD-11503,11/29/2025,Echo Mechanical Keyboard,Electronics,East,Retail,2,$89.15,178.3,125.91,4
ORD-10705,06/21/2025,Zephyr Standing Desk,Furniture,South,Online,1,$476.31,476.31,301.41,4
ORD-10127,02/05/2025,"Vista Monitor 27""",Electronics,North,Online,2,$277.27,554.54,333.17,5
ORD-12638,06/23/2026,Nimbus Office Chair,Furniture,West,Partner,2,$196.07,392.14,251.87,5
ORD-11946,02/14/2026,Aurora Desk Lamp,Home & Living,North,Online,2,$42.00,84.0,52.11,5
ORD-10942,08/13/2025,Pulse Wireless Mouse,Electronics,West,Partner,3,$33.52,100.56,59.54,4
ORD-10691,06/17/2025,Pulse Wireless Mouse,Electronics,North,Online,1,$33.37,33.37,21.94,4
ORD-11666,12/23/2025,Halo Desk Organizer,Home & Living,East,Online,1,$20.35,20.35,11.84,5
ORD-11519,12/01/2025,Echo Mechanical Keyboard,Electronics,South,Online,1,$91.48,91.48,58.61,5
ORD-10887,08/01/2025,Zephyr Standing Desk,Furniture,West,Online,3,$464.08,1392.24,773.74,3
ORD-10263,03/08/2025,Nimbus Office Chair,Furniture,West,Partner,3,$194.48,,336.93,3
ORD-10366,04/01/2025,Nimbus Office Chair,Furniture,South,Online,1,$194.89,194.89,141.39,5
ORD-11173,10/03/2025,Zephyr Standing Desk,Furniture,North,Online,2,$422.04,844.08,475.09,5
ORD-10365,04/01/2025,"Vista Monitor 27""",Electronics,East,Online,1,$263.03,263.03,177.93,2
ORD-10620,06/01/2025,Pulse Wireless Mouse,Electronics,West,Online,1,$36.70,36.7,24.26,3
ORD-11009,08/29/2025,Terra Ceramic Planter,Home & Living,West,Online,2,$29.21,58.42,32.21,4
ORD-10444,04/20/2025,Echo Mechanical Keyboard,Electronics,West,Retail,1,$81.93,81.93,46.5,5
ORD-10965,08/18/2025,"Vista Monitor 27""",Electronics,West,Online,1,$276.16,276.16,206.85,4
ORD-12373,05/07/2026,Halo Desk Organizer,Home & Living,East,Online,2,$19.52,39.04,25.84,5
ORD-11189,10/07/2025,Nimbus Office Chair,Furniture,South,Retail,1,$195.58,195.58,136.36,5
ORD-11021,08/31/2025,Nimbus Office Chair,Furniture,North,Online,2,$196.02,392.04,281.61,
ORD-12171,03/29/2026,Lumen LED Strip,Electronics,West,Retail,1,$22.87,22.87,13.57,4
ORD-10986,08/23/2025,Pulse Wireless Mouse,Electronics,North,Online,2,$35.19,70.38,38.79,5
ORD-10388,04/06/2025,Cove Bookshelf,Furniture,West,Retail,1,$125.42,125.42,83.69,2
ORD-11886,02/02/2026,Terra Ceramic Planter,Home & Living,East,Online,2,$27.96,55.92,41.46,4
ORD-10906,08/05/2025,Aurora Desk Lamp,Home & Living,East,Online,2,$38.82,77.64,45.48,4
ORD-11581,12/10/2025,Echo Mechanical Keyboard,Electronics,East,Partner,3,$86.81,260.43,165.33,4
ORD-10315,03/20/2025,Lumen LED Strip,Electronics,East,Online,1,$25.54,25.54,17.58,2
ORD-11466,11/24/2025,Aurora Desk Lamp,Home & Living,East,Partner,2,$39.58,79.16,52.2,1
ORD-11388,11/12/2025,"Vista Monitor 27""",Electronics,North,Online,2,$294.56,589.12,437.97,5
ORD-10321,03/22/2025,Cove Bookshelf,Furniture,East,Retail,3,$138.11,414.33,263.67,
ORD-11585,12/10/2025,Pulse Wireless Mouse,Electronics,West,Partner,1,$36.81,36.81,26.6,5
ORD-11873,01/31/2026,Lumen LED Strip,Electronics,East,Partner,1,$24.90,24.9,16.34,4
ORD-10150,02/12/2025,"Vista Monitor 27""",Electronics,North,Retail,1,$283.18,283.18,181.35,5
ORD-12216,04/07/2026,Terra Ceramic Planter,Home & Living,West,Retail,2,$26.04,52.08,29.22,5
ORD-10495,05/03/2025,Zephyr Standing Desk,Furniture,North,Online,1,$427.84,427.84,293.99,2
ORD-10580,05/24/2025,Aurora Desk Lamp,Home & Living,East,Online,2,$39.76,79.52,58.41,5
ORD-10992,08/24/2025,"Vista Monitor 27""",Electronics,East,Online,3,$277.73,833.19,601.53,5
ORD-11808,01/17/2026,"Vista Monitor 27""",Electronics,West,Retail,1,$283.90,283.9,173.51,1
ORD-10902,08/05/2025,Nimbus Office Chair,Furniture,South,Online,1,$179.94,179.94,129.34,5
ORD-10112,02/02/2025,Cove Bookshelf,Furniture,North,Partner,3,$123.32,369.96,265.74,3
ORD-10893,08/03/2025,Halo Desk Organizer,Home & Living,East,Partner,2,$19.80,39.6,25.97,3
ORD-11572,12/09/2025,Pulse Wireless Mouse,Electronics,East,Online,1,$37.43,37.43,24.79,5
ORD-12225,04/09/2026,Pulse Wireless Mouse,Electronics,West,Partner,2,$33.33,66.66,39.76,4
ORD-11742,01/04/2026,Nimbus Office Chair,Furniture,South,Retail,3,$177.70,533.1,330.27,2
ORD-12288,04/21/2026,Zephyr Standing Desk,Furniture,East,Online,2,$439.39,878.78,573.9,4
ORD-12588,06/14/2026,Lumen LED Strip,Electronics,North,Online,1,$25.08,25.08,14.93,5
ORD-11217,10/12/2025,Lumen LED Strip,Electronics,East,Retail,2,$23.23,46.46,34.35,5
ORD-11921,02/08/2026,Pulse Wireless Mouse,Electronics,North,Online,3,$34.34,103.02,68.37,4
ORD-11387,11/12/2025,Echo Mechanical Keyboard,Electronics,South,Retail,1,$86.34,86.34,58.06,5
ORD-10083,01/24/2025,Halo Desk Organizer,Home & Living,East,Online,2,$18.95,37.9,24.15,4
ORD-12219,04/07/2026,Nimbus Office Chair,Furniture,West,Online,2,$187.58,,264.39,5
ORD-11234,10/16/2025,Pulse Wireless Mouse,Electronics,East,Partner,1,$32.70,32.7,18.5,3
ORD-10301,03/17/2025,Nimbus Office Chair,Furniture,North,Online,2,$196.91,393.82,241.82,1
ORD-12194,04/02/2026,Lumen LED Strip,Electronics,West,Online,1,$25.13,25.13,18.77,4
ORD-10277,03/11/2025,Nimbus Office Chair,Furniture,North,Retail,1,$184.82,184.82,135.56,5
ORD-11101,09/18/2025,Pulse Wireless Mouse,Electronics,East,Online,1,$34.69,34.69,21.52,5
ORD-11924,02/09/2026,Nimbus Office Chair,Furniture,West,Online,3,$194.50,583.5,324.47,1
ORD-10559,05/19/2025,Aurora Desk Lamp,Home & Living,West,Online,1,$44.36,44.36,32.67,
ORD-11014,08/30/2025,Zephyr Standing Desk,Furniture,East,Retail,1,$477.92,477.92,268.38,5
ORD-11913,02/07/2026,Lumen LED Strip,Electronics,North,Partner,1,$24.98,24.98,15.02,5
ORD-10729,06/26/2025,Terra Ceramic Planter,Home & Living,West,Online,3,$29.43,88.29,61.95,5
ORD-10079,01/22/2025,Terra Ceramic Planter,Home & Living,North,Retail,2,$28.41,56.82,40.69,4
ORD-10283,03/13/2025,Echo Mechanical Keyboard,Electronics,South,Retail,3,$94.26,282.78,206.81,5
ORD-11366,11/09/2025,Echo Mechanical Keyboard,Electronics,South,Online,2,$83.31,166.62,118.15,2
ORD-11468,11/24/2025,Nimbus Office Chair,Furniture,East,Online,2,$202.61,405.22,271.35,5
ORD-10410,04/12/2025,Pulse Wireless Mouse,Electronics,West,Online,2,$36.97,73.94,42.0,5
ORD-10984,08/21/2025,Zephyr Standing Desk,Furniture,East,Online,2,$416.33,832.66,527.28,5
ORD-10397,04/09/2025,Lumen LED Strip,Electronics,East,Online,4,$23.32,93.28,59.07,2
ORD-11067,09/10/2025,Echo Mechanical Keyboard,Electronics,North,Retail,1,$88.04,,65.94,5
ORD-10402,04/10/2025,Aurora Desk Lamp,Home & Living,East,Retail,1,$44.91,44.91,24.92,1
ORD-12282,04/20/2026,Echo Mechanical Keyboard,Electronics,North,Online,4,$81.97,327.88,182.92,4
ORD-11018,08/30/2025,Lumen LED Strip,Electronics,East,Online,1,$25.46,25.46,14.43,3
ORD-11849,01/26/2026,Zephyr Standing Desk,Furniture,South,Online,1,$477.79,477.79,277.31,5
ORD-10404,04/11/2025,Terra Ceramic Planter,Home & Living,North,Partner,1,$30.23,30.23,20.93,5
ORD-12030,02/28/2026,Terra Ceramic Planter,Home & Living,West,Online,2,$28.21,56.42,33.91,2
ORD-12291,04/22/2026,Aurora Desk Lamp,Home & Living,North,Online,1,$41.17,41.17,22.71,
ORD-12470,05/26/2026,Lumen LED Strip,Electronics,South,Online,4,$23.65,94.6,70.02,3
ORD-10130,02/06/2025,Lumen LED Strip,Electronics,North,Retail,1,$23.22,23.22,16.02,5
ORD-10696,06/18/2025,Cove Bookshelf,Furniture,East,Online,2,$125.19,250.38,181.11,5
ORD-12042,03/03/2026,Pulse Wireless Mouse,Electronics,East,Partner,2,$34.08,68.16,45.64,2
ORD-11201,10/09/2025,Pulse Wireless Mouse,Electronics,North,Retail,1,$37.00,37.0,23.26,5
ORD-11690,12/26/2025,Terra Ceramic Planter,Home & Living,West,Online,1,$29.25,29.25,17.66,4
ORD-10174,02/17/2025,Nimbus Office Chair,Furniture,South,Online,1,$185.85,185.85,113.75,3
ORD-12592,06/14/2026,Lumen LED Strip,Electronics,East,Partner,2,$25.51,51.02,33.76,2
ORD-11342,11/05/2025,Aurora Desk Lamp,Home & Living,North,Partner,2,$39.63,79.26,57.29,5
ORD-12114,03/17/2026,Cove Bookshelf,Furniture,North,Online,1,$124.20,124.2,77.52,5
ORD-12386,05/09/2026,Lumen LED Strip,Electronics,East,Retail,2,$23.45,46.9,32.88,4
ORD-10432,04/16/2025,Halo Desk Organizer,Home & Living,East,Online,1,$19.87,19.87,11.82,4
ORD-11831,01/21/2026,Aurora Desk Lamp,Home & Living,East,Retail,2,$39.44,78.88,46.93,2
ORD-11883,02/02/2026,"Vista Monitor 27""",Electronics,North,Online,1,$299.32,299.32,197.51,5
ORD-10991,08/24/2025,Nimbus Office Chair,Furniture,North,Online,1,$188.21,188.21,104.34,5
ORD-12307,04/25/2026,Nimbus Office Chair,Furniture,West,Partner,2,$198.60,397.2,229.44,5
ORD-10847,07/23/2025,Cove Bookshelf,Furniture,North,Online,1,$138.93,138.93,83.04,5
ORD-11659,12/21/2025,Pulse Wireless Mouse,Electronics,East,Retail,1,$37.15,37.15,24.42,5
ORD-10910,08/07/2025,"Vista Monitor 27""",Electronics,South,Retail,1,$281.53,281.53,203.28,5
ORD-11432,11/19/2025,"Vista Monitor 27""",Electronics,West,Online,1,$299.60,299.6,192.42,5
ORD-12102,03/15/2026,Halo Desk Organizer,Home & Living,East,Partner,2,$18.76,37.52,25.5,5
ORD-12580,06/13/2026,Aurora Desk Lamp,Home & Living,North,Online,2,$44.39,88.78,51.99,4
ORD-11136,09/26/2025,Lumen LED Strip,Electronics,North,Retail,3,$25.88,77.64,47.94,4
ORD-11406,11/14/2025,Halo Desk Organizer,Home & Living,North,Online,2,$18.29,36.58,20.6,5
ORD-10243,03/04/2025,Nimbus Office Chair,Furniture,East,Retail,2,$186.91,373.82,271.58,4
ORD-11042,09/05/2025,Aurora Desk Lamp,Home & Living,North,Online,1,$44.42,44.42,27.25,2
ORD-10091,01/27/2025,Lumen LED Strip,Electronics,South,Retail,1,$23.22,23.22,14.45,3
ORD-10637,06/04/2025,Pulse Wireless Mouse,Electronics,South,Online,1,$34.25,34.25,20.62,3
ORD-11981,02/19/2026,Nimbus Office Chair,Furniture,East,Online,1,$195.79,195.79,141.99,4
ORD-11209,10/10/2025,Pulse Wireless Mouse,Electronics,North,Online,1,$35.74,35.74,22.84,2
ORD-10393,04/07/2025,Terra Ceramic Planter,Home & Living,East,Retail,3,$26.98,80.94,45.55,2
ORD-11430,11/18/2025,Zephyr Standing Desk,Furniture,South,Online,3,$442.99,1328.97,783.97,5
ORD-12570,06/11/2026,Zephyr Standing Desk,Furniture,South,Retail,4,$434.70,1738.8,1066.49,1
ORD-11725,12/31/2025,Zephyr Standing Desk,Furniture,West,Retail,1,$480.34,480.34,356.92,3
ORD-12450,05/21/2026,Echo Mechanical Keyboard,Electronics,South,Retail,2,$93.52,187.04,113.31,5
ORD-10451,04/22/2025,Cove Bookshelf,Furniture,West,Online,2,$131.48,262.96,150.95,3
ORD-11579,12/10/2025,Lumen LED Strip,Electronics,West,Retail,4,$25.28,101.12,70.0,5
ORD-11080,09/13/2025,"Vista Monitor 27""",Electronics,North,Online,1,$264.98,264.98,153.04,
ORD-10756,07/01/2025,Halo Desk Organizer,Home & Living,West,Online,2,$17.88,35.76,25.48,5
ORD-12483,05/28/2026,Cove Bookshelf,Furniture,North,Online,1,$137.79,137.79,102.72,5
ORD-11335,11/04/2025,Lumen LED Strip,Electronics,West,Online,1,$24.39,24.39,15.27,5
ORD-10391,04/06/2025,Aurora Desk Lamp,Home & Living,East,Retail,1,$39.74,39.74,29.43,4
ORD-11069,09/11/2025,Echo Mechanical Keyboard,Electronics,North,Retail,2,$83.04,166.08,110.34,5
ORD-11126,09/24/2025,Pulse Wireless Mouse,Electronics,East,Partner,3,$35.93,107.79,60.72,5
ORD-12037,03/01/2026,Cove Bookshelf,Furniture,West,Online,1,$123.30,123.3,87.14,3
ORD-11205,10/09/2025,Terra Ceramic Planter,Home & Living,North,Partner,3,$29.53,88.59,65.13,3
ORD-11673,12/24/2025,"Vista Monitor 27""",Electronics,West,Retail,1,$297.14,297.14,213.35,
ORD-11149,09/29/2025,Lumen LED Strip,Electronics,West,Retail,2,$23.01,46.02,30.27,
ORD-11027,09/01/2025,Cove Bookshelf,Furniture,East,Retail,1,$134.75,134.75,97.61,5
ORD-10012,01/04/2025,"Vista Monitor 27""",Electronics,West,Online,3,$263.06,789.18,456.09,5
ORD-11083,09/15/2025,Cove Bookshelf,Furniture,West,Retail,2,$122.71,245.42,144.82,4
ORD-10733,06/26/2025,Halo Desk Organizer,Home & Living,East,Retail,3,$18.99,56.97,39.64,5
ORD-10546,05/15/2025,Cove Bookshelf,Furniture,North,Online,2,$119.59,239.18,174.52,2
ORD-12168,03/29/2026,Halo Desk Organizer,Home & Living,North,Online,3,$20.27,60.81,33.72,4
ORD-11851,01/26/2026,Zephyr Standing Desk,Furniture,North,Partner,3,$478.40,1435.2,817.22,5
ORD-11850,01/26/2026,Terra Ceramic Planter,Home & Living,East,Partner,2,$27.86,55.72,41.6,2
ORD-11863,01/29/2026,Echo Mechanical Keyboard,Electronics,West,Online,3,$82.21,246.63,141.99,3
ORD-11805,01/16/2026,Nimbus Office Chair,Furniture,East,Partner,1,$199.52,199.52,113.37,5
ORD-10360,03/30/2025,"Vista Monitor 27""",Electronics,East,Retail,2,$292.92,585.84,346.8,5
ORD-10900,08/04/2025,Zephyr Standing Desk,Furniture,East,Online,4,$414.00,1656.0,1134.08,5
ORD-12199,04/03/2026,Terra Ceramic Planter,Home & Living,West,Retail,2,$28.55,,38.55,5
ORD-12208,04/05/2026,Aurora Desk Lamp,Home & Living,West,Partner,3,$44.26,132.78,99.08,5
ORD-10753,07/01/2025,Aurora Desk Lamp,Home & Living,North,Online,3,$43.18,129.54,73.99,3
ORD-11438,11/20/2025,"Vista Monitor 27""",Electronics,East,Online,3,$262.77,788.31,574.69,4
ORD-12164,03/28/2026,Lumen LED Strip,Electronics,North,Online,2,$22.48,44.96,33.37,1
ORD-10206,02/24/2025,Cove Bookshelf,Furniture,South,Retail,4,$119.58,478.32,300.09,
ORD-11827,01/21/2026,Nimbus Office Chair,Furniture,North,Online,2,$184.04,368.08,255.53,4
ORD-10764,07/04/2025,"Vista Monitor 27""",Electronics,South,Online,3,$271.20,813.6,463.37,5
ORD-10934,08/12/2025,Lumen LED Strip,Electronics,West,Online,1,$22.51,22.51,15.69,5
ORD-12350,05/02/2026,Terra Ceramic Planter,Home & Living,North,Online,3,$26.43,79.29,49.21,
ORD-11867,01/30/2026,Zephyr Standing Desk,Furniture,North,Retail,1,$419.67,419.67,310.67,4
ORD-12474,05/26/2026,Nimbus Office Chair,Furniture,South,Online,1,$201.83,201.83,143.09,1
ORD-10470,04/27/2025,Zephyr Standing Desk,Furniture,South,Partner,1,$431.21,431.21,306.6,4
ORD-11721,12/31/2025,Lumen LED Strip,Electronics,East,Online,3,$25.92,77.76,44.08,5
ORD-10535,05/13/2025,Pulse Wireless Mouse,Electronics,West,Online,1,$33.34,33.34,24.13,4
ORD-11584,12/10/2025,Halo Desk Organizer,Home & Living,East,Online,3,$18.31,54.93,37.32,4
ORD-10576,05/23/2025,Halo Desk Organizer,Home & Living,East,Online,4,$18.82,75.28,44.87,3
ORD-10131,02/07/2025,Pulse Wireless Mouse,Electronics,West,Retail,4,$36.56,146.24,108.91,4
ORD-11701,12/28/2025,Echo Mechanical Keyboard,Electronics,North,Online,3,$92.88,278.64,194.9,4
ORD-10056,01/15/2025,Terra Ceramic Planter,Home & Living,East,Online,1,$29.11,29.11,17.02,1
ORD-11246,10/18/2025,"Vista Monitor 27""",Electronics,South,Online,4,$267.85,1071.4,690.13,3
ORD-11718,12/30/2025,"Vista Monitor 27""",Electronics,West,Online,2,$289.74,579.48,360.25,4
ORD-10437,04/18/2025,Aurora Desk Lamp,Home & Living,East,Online,1,$45.15,45.15,32.82,5
ORD-10271,03/10/2025,Nimbus Office Chair,Furniture,West,Online,1,$186.00,186.0,105.85,4
ORD-10057,01/15/2025,Pulse Wireless Mouse,Electronics,East,Retail,1,$33.81,33.81,21.5,5
ORD-10940,08/13/2025,Lumen LED Strip,Electronics,West,Retail,2,$24.53,49.06,33.86,5
ORD-12349,05/02/2026,Halo Desk Organizer,Home & Living,West,Online,2,$18.70,37.4,26.72,4
ORD-10617,05/31/2025,Halo Desk Organizer,Home & Living,West,Online,2,$17.79,35.58,22.14,4
ORD-10476,04/29/2025,Aurora Desk Lamp,Home & Living,South,Online,1,$40.38,40.38,25.59,5
ORD-11910,02/06/2026,Terra Ceramic Planter,Home & Living,East,Online,3,$28.22,84.66,47.24,5
ORD-12249,04/13/2026,Zephyr Standing Desk,Furniture,East,Online,1,$473.87,473.87,318.42,2
ORD-10118,02/03/2025,Halo Desk Organizer,Home & Living,South,Online,3,$18.64,55.92,40.33,5
ORD-10408,04/12/2025,Nimbus Office Chair,Furniture,West,Online,2,$202.41,404.82,233.67,2
ORD-10682,06/14/2025,Cove Bookshelf,Furniture,East,Partner,1,$133.08,133.08,77.27,5
ORD-11722,12/31/2025,Aurora Desk Lamp,Home & Living,North,Online,3,$42.99,128.97,79.27,5
ORD-11360,11/08/2025,Echo Mechanical Keyboard,Electronics,South,Retail,3,$84.78,254.34,144.63,5
ORD-10579,05/24/2025,Aurora Desk Lamp,Home & Living,East,Partner,2,$42.62,85.24,49.18,3
ORD-10842,07/22/2025,Halo Desk Organizer,Home & Living,West,Online,2,$18.86,37.72,26.57,4
ORD-11774,01/10/2026,Terra Ceramic Planter,Home & Living,North,Online,2,$27.28,54.56,33.87,4
ORD-11606,12/14/2025,Echo Mechanical Keyboard,Electronics,South,Online,1,$90.44,90.44,58.47,4
ORD-10181,02/18/2025,Halo Desk Organizer,Home & Living,West,Online,1,$19.17,19.17,13.58,5
ORD-12490,05/28/2026,Terra Ceramic Planter,Home & Living,West,Partner,3,$27.24,81.72,45.81,1
ORD-11483,11/26/2025,Aurora Desk Lamp,Home & Living,West,Online,1,$40.51,40.51,25.39,4
ORD-11740,01/03/2026,"Vista Monitor 27""",Electronics,North,Partner,1,$291.14,291.14,186.7,5
ORD-10704,06/21/2025,Zephyr Standing Desk,Furniture,West,Online,1,$435.89,435.89,288.33,4
ORD-10119,02/03/2025,Terra Ceramic Planter,Home & Living,East,Online,1,$29.44,29.44,21.97,
ORD-10563,05/20/2025,Aurora Desk Lamp,Home & Living,North,Online,1,$43.43,43.43,29.45,4
ORD-10110,02/01/2025,"Vista Monitor 27""",Electronics,North,Online,2,$284.60,569.2,399.58,4
ORD-10340,03/26/2025,Halo Desk Organizer,Home & Living,East,Retail,1,$18.62,18.62,11.97,3
ORD-12007,02/23/2026,Pulse Wireless Mouse,Electronics,West,Online,3,$35.27,105.81,78.13,4
ORD-10565,05/21/2025,Pulse Wireless Mouse,Electronics,East,Online,1,$37.01,37.01,21.39,2
ORD-11486,11/27/2025,Halo Desk Organizer,Home & Living,West,Online,2,$20.00,40.0,24.1,1
ORD-10574,05/22/2025,Halo Desk Organizer,Home & Living,East,Online,1,$19.13,19.13,11.19,2
ORD-11516,12/01/2025,Echo Mechanical Keyboard,Electronics,East,Online,1,$96.04,96.04,53.69,5
ORD-11637,12/18/2025,Lumen LED Strip,Electronics,East,Partner,3,$22.58,67.74,40.88,4
ORD-10635,06/04/2025,Zephyr Standing Desk,Furniture,North,Retail,1,$482.73,482.73,332.85,5
ORD-11090,09/16/2025,Zephyr Standing Desk,Furniture,West,Partner,1,$425.91,425.91,236.08,1
ORD-11367,11/09/2025,Lumen LED Strip,Electronics,South,Partner,1,$24.72,24.72,15.45,3
ORD-10302,03/17/2025,Halo Desk Organizer,Home & Living,North,Retail,1,$20.11,20.11,14.04,5
ORD-12384,05/09/2026,Terra Ceramic Planter,Home & Living,West,Online,1,$27.91,27.91,20.88,5
ORD-12439,05/19/2026,Pulse Wireless Mouse,Electronics,South,Online,2,$35.32,70.64,42.05,4
ORD-10466,04/26/2025,"Vista Monitor 27""",Electronics,West,Retail,1,$283.20,283.2,165.82,4
ORD-10347,03/27/2025,"Vista Monitor 27""",Electronics,West,Retail,1,$288.14,288.14,170.34,2
ORD-10854,07/24/2025,Aurora Desk Lamp,Home & Living,West,Retail,1,$44.50,44.5,26.54,5
ORD-12635,06/23/2026,Terra Ceramic Planter,Home & Living,East,Partner,1,$27.42,27.42,17.67,3
ORD-10320,03/22/2025,Halo Desk Organizer,Home & Living,West,Online,1,$17.57,17.57,10.62,4
ORD-11553,12/06/2025,Lumen LED Strip,Electronics,South,Online,4,$24.29,97.16,60.76,5
ORD-10198,02/22/2025,"Vista Monitor 27""",Electronics,South,Online,4,$275.20,1100.8,692.72,2
ORD-12368,05/05/2026,Cove Bookshelf,Furniture,South,Online,2,$137.84,275.68,200.92,2
ORD-10368,04/02/2025,Terra Ceramic Planter,Home & Living,North,Online,1,$26.74,26.74,17.0,
ORD-11605,12/14/2025,"Vista Monitor 27""",Electronics,South,Retail,2,$282.39,564.78,359.76,4
ORD-10233,03/02/2025,Halo Desk Organizer,Home & Living,North,Partner,1,$18.51,18.51,13.6,
ORD-12090,03/13/2026,Zephyr Standing Desk,Furniture,North,Online,3,$474.26,1422.78,885.69,4
ORD-12414,05/15/2026,"Vista Monitor 27""",Electronics,East,Online,1,$282.96,282.96,211.2,5
ORD-12241,04/12/2026,Aurora Desk Lamp,Home & Living,East,Online,2,$41.09,82.18,45.24,3
ORD-11711,12/29/2025,Halo Desk Organizer,Home & Living,East,Retail,2,$20.29,40.58,29.57,4
ORD-10269,03/09/2025,Nimbus Office Chair,Furniture,North,Online,1,$193.48,193.48,134.22,4
ORD-10509,05/08/2025,Halo Desk Organizer,Home & Living,East,Retail,1,$20.39,20.39,14.78,5
ORD-12600,06/16/2026,Lumen LED Strip,Electronics,North,Retail,2,$22.10,44.2,30.22,4
ORD-10513,05/09/2025,Terra Ceramic Planter,Home & Living,South,Retail,2,$27.57,55.14,32.92,5
ORD-11403,11/14/2025,Terra Ceramic Planter,Home & Living,North,Retail,1,$26.00,26.0,15.72,5
ORD-12640,06/24/2026,Nimbus Office Chair,Furniture,West,Online,2,$201.78,403.56,271.15,4
ORD-11145,09/28/2025,Aurora Desk Lamp,Home & Living,West,Online,2,$40.20,80.4,54.13,5
ORD-11142,09/27/2025,Zephyr Standing Desk,Furniture,South,Retail,1,$431.18,431.18,245.32,5
ORD-10401,04/10/2025,Halo Desk Organizer,Home & Living,East,Retail,6,$19.84,119.04,82.91,3
ORD-10153,02/12/2025,Zephyr Standing Desk,Furniture,East,Online,1,$432.84,432.84,292.87,5
ORD-10002,01/01/2025,Nimbus Office Chair,Furniture,East,Retail,1,$176.71,176.71,105.41,5
ORD-11152,09/29/2025,Zephyr Standing Desk,Furniture,West,Online,1,$455.65,455.65,326.36,2
ORD-11375,11/10/2025,Terra Ceramic Planter,Home & Living,South,Online,1,$27.19,27.19,15.54,4
ORD-10611,05/30/2025,Lumen LED Strip,Electronics,West,Retail,2,$23.10,46.2,27.53,4
ORD-12402,05/12/2026,Aurora Desk Lamp,Home & Living,East,Retail,1,$40.66,40.66,23.47,3
ORD-11168,10/03/2025,Echo Mechanical Keyboard,Electronics,North,Retail,3,$93.47,280.41,169.31,4
ORD-12339,05/01/2026,Lumen LED Strip,Electronics,South,Online,2,$22.61,45.22,32.2,1
ORD-12416,05/15/2026,Pulse Wireless Mouse,Electronics,South,Online,2,$34.70,69.4,51.97,3
ORD-10870,07/27/2025,"Vista Monitor 27""",Electronics,West,Online,3,$269.56,808.68,575.08,5
ORD-10993,08/24/2025,Terra Ceramic Planter,Home & Living,West,Retail,2,$28.58,57.16,39.59,5
ORD-11638,12/18/2025,Nimbus Office Chair,Furniture,South,Online,2,$180.57,361.14,199.93,4
ORD-12582,06/13/2026,Lumen LED Strip,Electronics,West,Online,3,$22.55,67.65,49.63,2
ORD-10094,01/28/2025,Nimbus Office Chair,Furniture,North,Retail,1,$198.74,198.74,125.23,1
ORD-11447,11/21/2025,Zephyr Standing Desk,Furniture,North,Partner,3,$446.69,1340.07,930.83,4
ORD-10789,07/10/2025,Nimbus Office Chair,Furniture,East,Online,2,$175.47,350.94,225.59,5
ORD-11134,09/26/2025,Cove Bookshelf,Furniture,South,Online,1,$137.19,137.19,86.17,1
ORD-10990,08/24/2025,Zephyr Standing Desk,Furniture,East,Retail,1,$459.76,459.76,292.94,4
ORD-10830,07/20/2025,Halo Desk Organizer,Home & Living,West,Online,1,$19.54,19.54,12.02,2
ORD-11441,11/20/2025,Aurora Desk Lamp,Home & Living,North,Retail,3,$41.89,125.67,73.74,4
ORD-11840,01/24/2026,Cove Bookshelf,Furniture,South,Online,3,$126.42,379.26,231.87,5
ORD-10660,06/09/2025,Terra Ceramic Planter,Home & Living,East,Online,3,$29.05,87.15,63.32,5
ORD-10274,03/10/2025,Zephyr Standing Desk,Furniture,South,Online,1,$477.39,477.39,329.74,4
ORD-10142,02/09/2025,Terra Ceramic Planter,Home & Living,West,Retail,2,$28.39,56.78,39.48,5
ORD-11654,12/20/2025,Lumen LED Strip,Electronics,South,Partner,1,$25.35,25.35,14.76,3
ORD-11793,01/14/2026,"Vista Monitor 27""",Electronics,North,Online,2,$262.86,525.72,325.24,
ORD-10098,01/29/2025,Lumen LED Strip,Electronics,North,Online,2,$23.00,46.0,30.38,5
ORD-10055,01/15/2025,Pulse Wireless Mouse,Electronics,East,Retail,1,$35.93,35.93,22.11,4
ORD-11702,12/28/2025,"Vista Monitor 27""",Electronics,West,Online,1,$272.85,272.85,160.93,5
ORD-11710,12/29/2025,Lumen LED Strip,Electronics,West,Online,1,$25.37,25.37,16.92,4
ORD-11686,12/26/2025,Nimbus Office Chair,Furniture,East,Online,2,$201.86,403.72,257.83,3
ORD-11817,01/19/2026,Terra Ceramic Planter,Home & Living,West,Retail,1,$27.61,27.61,16.72,5
ORD-10415,04/13/2025,Aurora Desk Lamp,Home & Living,East,Retail,3,$45.34,136.02,80.19,2
ORD-12571,06/11/2026,"Vista Monitor 27""",Electronics,West,Online,1,$281.97,281.97,167.49,1
ORD-10721,06/24/2025,Zephyr Standing Desk,Furniture,East,Online,1,$475.50,475.5,278.54,4
ORD-11825,01/20/2026,Lumen LED Strip,Electronics,North,Online,1,$24.86,24.86,13.89,4
ORD-11146,09/28/2025,Lumen LED Strip,Electronics,North,Online,1,$23.52,23.52,14.33,1
ORD-10257,03/06/2025,Halo Desk Organizer,Home & Living,North,Online,1,$18.95,18.95,14.05,4
ORD-11699,12/28/2025,Zephyr Standing Desk,Furniture,South,Online,3,$454.32,1362.96,902.78,5
ORD-12486,05/28/2026,Echo Mechanical Keyboard,Electronics,West,Online,1,$94.43,94.43,56.51,5
ORD-11764,01/08/2026,"Vista Monitor 27""",Electronics,East,Retail,1,$298.65,298.65,212.83,1
ORD-11854,01/27/2026,Echo Mechanical Keyboard,Electronics,South,Online,2,$82.86,165.72,95.62,3
ORD-12548,06/07/2026,"Vista Monitor 27""",Electronics,South,Online,4,$258.49,1033.96,617.04,5
ORD-12429,05/17/2026,Echo Mechanical Keyboard,Electronics,West,Retail,3,$82.05,246.15,177.61,2
ORD-10031,01/10/2025,Pulse Wireless Mouse,Electronics,East,Retail,3,$33.80,101.4,69.9,5
ORD-11363,11/08/2025,Pulse Wireless Mouse,Electronics,South,Online,2,$36.27,72.54,51.61,1
ORD-11685,12/26/2025,"Vista Monitor 27""",Electronics,North,Retail,4,$279.43,1117.72,725.58,4
ORD-10285,03/13/2025,Zephyr Standing Desk,Furniture,North,Retail,1,$413.33,413.33,229.21,5
ORD-12353,05/03/2026,Nimbus Office Chair,Furniture,North,Retail,2,$196.53,393.06,236.83,5
ORD-10781,07/08/2025,"Vista Monitor 27""",Electronics,South,Partner,1,$282.30,282.3,173.98,4
ORD-10332,03/25/2025,Echo Mechanical Keyboard,Electronics,South,Online,1,$87.24,87.24,62.23,5
ORD-12471,05/26/2026,Pulse Wireless Mouse,Electronics,North,Online,1,$36.95,36.95,23.8,5
ORD-11861,01/29/2026,Echo Mechanical Keyboard,Electronics,East,Online,1,$96.03,,60.97,4
ORD-11202,10/09/2025,Aurora Desk Lamp,Home & Living,South,Online,1,$44.35,44.35,30.69,3
ORD-11229,10/14/2025,Terra Ceramic Planter,Home & Living,East,Retail,3,$26.57,79.71,56.69,5
ORD-12585,06/13/2026,Halo Desk Organizer,Home & Living,West,Online,2,$19.69,39.38,28.4,4
ORD-10869,07/27/2025,Echo Mechanical Keyboard,Electronics,West,Retail,1,$89.87,89.87,53.31,5
ORD-10911,08/07/2025,Terra Ceramic Planter,Home & Living,East,Online,2,$26.36,52.72,36.54,5
ORD-10267,03/09/2025,Pulse Wireless Mouse,Electronics,West,Online,2,$35.38,70.76,40.44,5
ORD-10652,06/08/2025,Terra Ceramic Planter,Home & Living,West,Online,1,$27.00,27.0,15.5,1
ORD-11132,09/26/2025,Nimbus Office Chair,Furniture,East,Online,1,$176.23,176.23,123.84,4
ORD-10019,01/07/2025,Aurora Desk Lamp,Home & Living,West,Retail,2,$39.39,78.78,49.05,4
ORD-10154,02/13/2025,Halo Desk Organizer,Home & Living,North,Retail,1,$18.79,18.79,13.31,
ORD-10317,03/20/2025,Zephyr Standing Desk,Furniture,South,Online,1,$467.12,467.12,323.5,3
ORD-10825,07/19/2025,Lumen LED Strip,Electronics,West,Online,3,$22.45,67.35,41.92,4
ORD-10588,05/26/2025,Halo Desk Organizer,Home & Living,West,Retail,1,$19.93,19.93,14.58,5
ORD-11505,11/30/2025,Nimbus Office Chair,Furniture,East,Retail,5,$190.98,954.9,715.76,5
ORD-10145,02/11/2025,"Vista Monitor 27""",Electronics,North,Online,2,$285.23,570.46,424.55,3
ORD-10514,05/09/2025,Nimbus Office Chair,Furniture,East,Online,2,$177.47,354.94,230.52,5
ORD-10338,03/25/2025,Lumen LED Strip,Electronics,East,Online,2,$24.61,49.22,30.57,5
ORD-10266,03/09/2025,Zephyr Standing Desk,Furniture,West,Retail,1,$480.17,480.17,267.58,3
ORD-11758,01/07/2026,Nimbus Office Chair,Furniture,East,Online,1,$200.04,200.04,121.23,4
ORD-12032,02/28/2026,Nimbus Office Chair,Furniture,West,Retail,1,$176.30,176.3,113.17,4
ORD-10662,06/10/2025,Halo Desk Organizer,Home & Living,East,Online,1,$18.46,18.46,10.51,3
ORD-10569,05/22/2025,Terra Ceramic Planter,Home & Living,West,Retail,1,$26.83,26.83,19.93,5
ORD-12536,06/06/2026,Halo Desk Organizer,Home & Living,East,Retail,1,$19.64,19.64,13.56,1
ORD-10679,06/14/2025,Halo Desk Organizer,Home & Living,West,Online,1,$19.43,19.43,10.83,1
ORD-12329,04/29/2026,Halo Desk Organizer,Home & Living,West,Online,1,$19.25,19.25,13.76,5
ORD-10326,03/23/2025,Nimbus Office Chair,Furniture,West,Online,2,$195.80,391.6,259.2,5
ORD-11453,11/22/2025,Aurora Desk Lamp,Home & Living,West,Online,2,$39.29,78.58,44.89,4
ORD-11751,01/05/2026,Terra Ceramic Planter,Home & Living,West,Online,2,$27.51,55.02,32.39,4
ORD-10536,05/14/2025,Echo Mechanical Keyboard,Electronics,East,Retail,1,$92.63,92.63,61.07,4
ORD-11789,01/13/2026,Cove Bookshelf,Furniture,North,Retail,3,$136.49,409.47,304.72,5
ORD-10961,08/17/2025,Cove Bookshelf,Furniture,South,Partner,1,$127.62,127.62,76.84,5
ORD-10457,04/23/2025,Echo Mechanical Keyboard,Electronics,East,Retail,1,$94.38,94.38,56.89,5
ORD-11614,12/15/2025,Echo Mechanical Keyboard,Electronics,West,Retail,2,$92.89,185.78,135.55,5
ORD-10856,07/25/2025,"Vista Monitor 27""",Electronics,West,Online,3,$270.25,810.75,467.31,4
ORD-12080,03/10/2026,Aurora Desk Lamp,Home & Living,West,Online,3,$40.93,122.79,77.09,5
ORD-10100,01/30/2025,Pulse Wireless Mouse,Electronics,East,Partner,2,$36.61,73.22,49.42,5
ORD-12176,03/30/2026,Halo Desk Organizer,Home & Living,West,Partner,1,$19.79,19.79,12.85,2
ORD-11008,08/28/2025,Cove Bookshelf,Furniture,North,Online,2,$128.97,257.94,186.77,3
ORD-12581,06/13/2026,"Vista Monitor 27""",Electronics,North,Online,2,$286.26,572.52,423.13,4
ORD-11907,02/06/2026,Nimbus Office Chair,Furniture,East,Online,2,$180.76,361.52,202.92,4
ORD-11079,09/13/2025,Halo Desk Organizer,Home & Living,North,Online,2,$19.22,38.44,26.04,5
ORD-12200,04/03/2026,Pulse Wireless Mouse,Electronics,West,Retail,1,$36.85,36.85,25.0,5
ORD-10284,03/13/2025,Zephyr Standing Desk,Furniture,North,Online,2,$460.03,920.06,570.03,5
ORD-10528,05/12/2025,Zephyr Standing Desk,Furniture,West,Online,1,$483.58,483.58,328.84,4
ORD-11761,01/07/2026,Cove Bookshelf,Furniture,East,Online,1,$131.20,131.2,95.0,2
ORD-12520,06/03/2026,"Vista Monitor 27""",Electronics,East,Online,1,$281.79,281.79,199.5,5
ORD-12115,03/18/2026,Pulse Wireless Mouse,Electronics,North,Online,2,$35.38,70.76,51.44,4
ORD-11270,10/22/2025,Cove Bookshelf,Furniture,West,Online,2,$134.18,268.36,168.22,4
ORD-10944,08/14/2025,Echo Mechanical Keyboard,Electronics,West,Retail,2,$92.10,184.2,133.61,4
ORD-11004,08/28/2025,Echo Mechanical Keyboard,Electronics,West,Retail,2,$93.06,186.12,131.01,3
ORD-11782,01/11/2026,Nimbus Office Chair,Furniture,East,Online,1,$203.55,203.55,143.88,4
ORD-10042,01/12/2025,Nimbus Office Chair,Furniture,North,Online,3,$193.06,579.18,414.62,3
ORD-11860,01/28/2026,Halo Desk Organizer,Home & Living,North,Retail,3,$20.23,60.69,37.99,5
ORD-10970,08/19/2025,Echo Mechanical Keyboard,Electronics,North,Retail,1,$93.80,93.8,54.47,5
ORD-10265,03/08/2025,Aurora Desk Lamp,Home & Living,East,Online,1,$44.74,44.74,25.41,1
ORD-11299,10/29/2025,Terra Ceramic Planter,Home & Living,West,Online,3,$28.12,84.36,59.5,2
ORD-11852,01/27/2026,Aurora Desk Lamp,Home & Living,South,Online,2,$42.58,85.16,63.66,5
ORD-12085,03/11/2026,Halo Desk Organizer,Home & Living,West,Retail,1,$17.89,17.89,11.61,4
ORD-11169,10/03/2025,Aurora Desk Lamp,Home & Living,East,Online,4,$38.65,154.6,87.19,4
ORD-10888,08/02/2025,Lumen LED Strip,Electronics,East,Retail,1,$22.58,22.58,12.77,
ORD-10876,07/29/2025,Terra Ceramic Planter,Home & Living,East,Online,2,$26.56,53.12,38.85,4
ORD-11192,10/07/2025,Halo Desk Organizer,Home & Living,East,Online,1,$19.72,19.72,12.07,5
ORD-12139,03/23/2026,Nimbus Office Chair,Furniture,East,Partner,3,$200.33,600.99,344.41,4
ORD-11144,09/27/2025,Aurora Desk Lamp,Home & Living,South,Retail,3,$42.73,128.19,85.5,4
ORD-12283,04/20/2026,Halo Desk Organizer,Home & Living,West,Online,2,$19.45,38.9,23.2,2
ORD-11191,10/07/2025,Echo Mechanical Keyboard,Electronics,South,Partner,1,$92.48,92.48,53.01,5
ORD-10751,07/01/2025,Aurora Desk Lamp,Home & Living,East,Online,3,$39.33,117.99,77.7,4
ORD-11818,01/19/2026,Pulse Wireless Mouse,Electronics,South,Retail,1,$35.56,35.56,24.01,5
ORD-11457,11/23/2025,"Vista Monitor 27""",Electronics,North,Online,1,$276.21,276.21,167.72,5
ORD-12235,04/11/2026,Cove Bookshelf,Furniture,West,Online,2,$122.67,245.34,160.42,5
ORD-12133,03/21/2026,Zephyr Standing Desk,Furniture,North,Online,3,$462.50,1387.5,994.45,3
ORD-10046,01/13/2025,Halo Desk Organizer,Home & Living,West,Online,2,$18.20,36.4,21.2,5
ORD-10633,06/03/2025,Pulse Wireless Mouse,Electronics,East,Online,2,$34.68,69.36,39.9,1
ORD-12172,03/29/2026,Cove Bookshelf,Furniture,North,Online,2,$133.31,266.62,167.69,2
ORD-12560,06/09/2026,Cove Bookshelf,Furniture,West,Retail,1,$138.91,138.91,83.82,5
ORD-11422,11/17/2025,Pulse Wireless Mouse,Electronics,East,Online,2,$37.39,74.78,43.33,4
ORD-12570,06/11/2026,Zephyr Standing Desk,Furniture,South,Retail,4,$434.70,1738.8,1066.49,1
ORD-12617,06/19/2026,"Vista Monitor 27""",Electronics,North,Retail,2,$292.73,585.46,353.89,4
ORD-12526,06/04/2026,Echo Mechanical Keyboard,Electronics,North,Retail,1,$94.79,94.79,62.08,5
ORD-11869,01/31/2026,Halo Desk Organizer,Home & Living,West,Online,1,$19.70,19.7,13.17,
ORD-11384,11/11/2025,Echo Mechanical Keyboard,Electronics,West,Retail,1,$82.18,82.18,45.49,1
ORD-11653,12/20/2025,"Vista Monitor 27""",Electronics,West,Online,1,$257.69,257.69,172.72,5
ORD-10596,05/27/2025,Aurora Desk Lamp,Home & Living,North,Partner,3,$38.68,116.04,65.94,5
ORD-10852,07/24/2025,Zephyr Standing Desk,Furniture,East,Retail,1,$448.74,448.74,325.34,
ORD-10995,08/24/2025,Halo Desk Organizer,Home & Living,North,Online,1,$20.23,20.23,14.64,1
ORD-12331,04/30/2026,Zephyr Standing Desk,Furniture,West,Partner,2,$428.31,856.62,475.77,
ORD-10957,08/16/2025,Terra Ceramic Planter,Home & Living,North,Online,1,$28.93,28.93,20.17,1
ORD-11573,12/09/2025,Zephyr Standing Desk,Furniture,North,Retail,3,$420.48,1261.44,748.4,3
ORD-10507,05/07/2025,Halo Desk Organizer,Home & Living,West,Partner,1,$17.57,17.57,12.07,3
ORD-11151,09/29/2025,Nimbus Office Chair,Furniture,North,Online,2,$179.70,359.4,243.27,2
ORD-12530,06/04/2026,Lumen LED Strip,Electronics,East,Partner,3,$23.92,71.76,50.46,2
ORD-12375,05/07/2026,Pulse Wireless Mouse,Electronics,West,Retail,3,$36.19,108.57,65.33,5
ORD-11888,02/03/2026,Echo Mechanical Keyboard,Electronics,North,Partner,1,$82.13,82.13,51.25,4
ORD-10156,02/14/2025,Terra Ceramic Planter,Home & Living,East,Online,1,$30.03,30.03,20.64,2
ORD-12314,04/26/2026,Halo Desk Organizer,Home & Living,West,Online,3,$17.81,53.43,30.1,4
ORD-11741,01/03/2026,Pulse Wireless Mouse,Electronics,North,Online,3,$35.80,107.4,79.79,5
ORD-11028,09/01/2025,"Vista Monitor 27""",Electronics,North,Online,2,$289.34,578.68,366.53,5
ORD-12271,04/18/2026,Lumen LED Strip,Electronics,South,Partner,1,$22.49,22.49,15.65,5
ORD-10394,04/08/2025,Aurora Desk Lamp,Home & Living,South,Online,2,$42.00,84.0,55.72,2
ORD-10095,01/29/2025,Pulse Wireless Mouse,Electronics,East,Online,3,$32.68,98.04,58.79,5
ORD-11380,11/10/2025,Lumen LED Strip,Electronics,West,Retail,1,$23.87,23.87,16.92,
ORD-11777,01/10/2026,Lumen LED Strip,Electronics,North,Online,1,$23.77,23.77,16.93,1
ORD-10978,08/20/2025,Nimbus Office Chair,Furniture,East,Online,1,$196.76,196.76,140.13,5
ORD-12457,05/23/2026,Lumen LED Strip,Electronics,North,Online,1,$24.08,24.08,16.3,5
ORD-11919,02/08/2026,Echo Mechanical Keyboard,Electronics,East,Retail,1,$92.61,92.61,67.99,
ORD-11445,11/21/2025,Nimbus Office Chair,Furniture,North,Online,3,$187.91,563.73,401.77,2
ORD-11408,11/15/2025,Zephyr Standing Desk,Furniture,East,Online,2,$433.77,867.54,580.61,5
ORD-11372,11/09/2025,Pulse Wireless Mouse,Electronics,East,Online,1,$32.72,32.72,22.63,5
ORD-11296,10/28/2025,Nimbus Office Chair,Furniture,South,Online,3,$195.86,587.58,340.17,5
ORD-12466,05/25/2026,Echo Mechanical Keyboard,Electronics,North,Retail,1,$89.17,89.17,50.37,4
ORD-11031,09/02/2025,Cove Bookshelf,Furniture,West,Online,4,$121.84,487.36,304.26,5
ORD-12238,04/12/2026,Cove Bookshelf,Furniture,West,Partner,1,$119.28,119.28,71.06,1
ORD-11716,12/30/2025,Terra Ceramic Planter,Home & Living,North,Retail,1,$25.98,25.98,16.57,5
ORD-12501,05/31/2026,"Vista Monitor 27""",Electronics,East,Retail,1,$278.66,278.66,195.9,5
ORD-10787,07/09/2025,Aurora Desk Lamp,Home & Living,North,Online,1,$39.61,39.61,29.18,5
ORD-10586,05/25/2025,Cove Bookshelf,Furniture,East,Online,2,$132.29,264.58,193.25,5
ORD-10534,05/13/2025,Aurora Desk Lamp,Home & Living,South,Retail,3,$45.07,135.21,100.75,1
ORD-10529,05/12/2025,Nimbus Office Chair,Furniture,East,Retail,2,$191.50,383.0,282.86,5
ORD-12170,03/29/2026,"Vista Monitor 27""",Electronics,North,Retail,1,$286.75,286.75,177.21,4
ORD-11368,11/09/2025,Zephyr Standing Desk,Furniture,West,Online,1,$460.47,460.47,311.39,4
ORD-11857,01/28/2026,Lumen LED Strip,Electronics,West,Online,1,$24.05,24.05,17.95,4
ORD-12540,06/06/2026,Terra Ceramic Planter,Home & Living,East,Retail,2,$26.90,53.8,31.71,4
ORD-10608,05/29/2025,Lumen LED Strip,Electronics,East,Online,2,$23.44,,30.81,4
ORD-11660,12/22/2025,Aurora Desk Lamp,Home & Living,West,Retail,1,$40.61,40.61,25.57,4
ORD-11385,11/11/2025,"Vista Monitor 27""",Electronics,South,Partner,1,$269.37,269.37,193.5,5
ORD-10826,07/19/2025,"Vista Monitor 27""",Electronics,North,Online,3,$291.07,873.21,595.41,3
ORD-11076,09/12/2025,Pulse Wireless Mouse,Electronics,West,Retail,2,$35.66,71.32,45.09,5
ORD-11594,12/12/2025,Nimbus Office Chair,Furniture,North,Online,1,$201.64,201.64,118.26,1
ORD-10772,07/06/2025,Terra Ceramic Planter,Home & Living,North,Online,1,$28.73,28.73,18.53,
ORD-10038,01/11/2025,Cove Bookshelf,Furniture,South,Online,1,$136.86,136.86,99.34,5
ORD-11969,02/18/2026,Terra Ceramic Planter,Home & Living,East,Online,3,$27.53,82.59,48.61,5
ORD-11566,12/08/2025,Zephyr Standing Desk,Furniture,North,Retail,1,$423.25,423.25,277.08,4
ORD-10005,01/02/2025,Echo Mechanical Keyboard,Electronics,West,Online,1,$92.27,92.27,60.64,5
ORD-12047,03/04/2026,Nimbus Office Chair,Furniture,East,Online,1,$199.19,199.19,112.41,5
ORD-11868,01/31/2026,Terra Ceramic Planter,Home & Living,East,Online,3,$27.20,81.6,53.52,5
ORD-12319,04/27/2026,Zephyr Standing Desk,Furniture,North,Partner,1,$465.65,465.65,266.87,5
ORD-11501,11/29/2025,Echo Mechanical Keyboard,Electronics,East,Online,1,$86.65,86.65,54.73,4
ORD-11446,11/21/2025,Halo Desk Organizer,Home & Living,East,Online,1,$17.58,17.58,11.96,4
ORD-12043,03/03/2026,Nimbus Office Chair,Furniture,North,Online,4,$176.37,705.48,492.06,2
ORD-11912,02/07/2026,Zephyr Standing Desk,Furniture,East,Online,1,$466.55,466.55,282.86,3
ORD-11819,01/20/2026,Nimbus Office Chair,Furniture,West,Online,3,$193.16,579.48,332.07,3
ORD-11923,02/08/2026,Pulse Wireless Mouse,Electronics,West,Partner,2,$33.89,67.78,40.84,4
ORD-12594,06/15/2026,"Vista Monitor 27""",Electronics,West,Partner,2,$268.40,536.8,310.82,3
ORD-12019,02/26/2026,Pulse Wireless Mouse,Electronics,North,Online,1,$37.24,37.24,27.21,5
ORD-10345,03/27/2025,Cove Bookshelf,Furniture,North,Online,2,$130.24,260.48,193.2,3
ORD-12067,03/08/2026,Terra Ceramic Planter,Home & Living,South,Online,1,$25.94,25.94,19.21,
ORD-10304,03/18/2025,Echo Mechanical Keyboard,Electronics,East,Online,1,$95.64,95.64,64.88,4
ORD-10384,04/05/2025,Echo Mechanical Keyboard,Electronics,South,Retail,2,$94.14,188.28,124.96,5
ORD-10885,07/31/2025,Cove Bookshelf,Furniture,North,Online,1,$127.29,127.29,93.33,1
ORD-12051,03/04/2026,Lumen LED Strip,Electronics,South,Retail,2,$24.64,49.28,29.18,1
ORD-11609,12/14/2025,Zephyr Standing Desk,Furniture,South,Retail,2,$482.04,964.08,717.34,4
ORD-10841,07/21/2025,Lumen LED Strip,Electronics,East,Online,2,$24.57,49.14,27.92,5
ORD-12407,05/13/2026,Aurora Desk Lamp,Home & Living,South,Online,1,$43.90,43.9,26.41,3
ORD-10241,03/03/2025,"Vista Monitor 27""",Electronics,South,Online,3,$260.70,782.1,491.67,5
ORD-10324,03/23/2025,Nimbus Office Chair,Furniture,East,Online,2,$179.55,359.1,229.74,1
ORD-12106,03/16/2026,Aurora Desk Lamp,Home & Living,South,Online,1,$41.42,41.42,25.61,2
ORD-12089,03/12/2026,Nimbus Office Chair,Furniture,North,Online,1,$186.18,186.18,103.37,2
ORD-12491,05/29/2026,Terra Ceramic Planter,Home & Living,South,Online,1,$27.34,27.34,17.03,3
ORD-11122,09/23/2025,Halo Desk Organizer,Home & Living,West,Partner,3,$19.94,59.82,39.19,5
ORD-12157,03/26/2026,"Vista Monitor 27""",Electronics,East,Partner,1,$257.44,257.44,173.74,5
ORD-12221,04/08/2026,"Vista Monitor 27""",Electronics,North,Retail,1,$276.44,276.44,167.61,5
ORD-10551,05/17/2025,Echo Mechanical Keyboard,Electronics,East,Retail,1,$82.12,82.12,56.22,
ORD-10571,05/22/2025,"Vista Monitor 27""",Electronics,North,Online,2,$290.67,581.34,346.68,4
ORD-11953,02/15/2026,Pulse Wireless Mouse,Electronics,East,Partner,2,$35.48,70.96,48.94,4
ORD-10668,06/12/2025,Nimbus Office Chair,Furniture,North,Retail,1,$179.61,,117.69,3
ORD-10405,04/11/2025,Terra Ceramic Planter,Home & Living,West,Online,2,$28.90,57.8,36.1,2
ORD-11485,11/27/2025,Cove Bookshelf,Furniture,East,Online,2,$119.76,239.52,146.35,1
ORD-11502,11/29/2025,Halo Desk Organizer,Home & Living,East,Online,3,$18.36,55.08,31.95,
ORD-10413,04/13/2025,Nimbus Office Chair,Furniture,North,Online,5,$187.85,939.25,667.6,4
ORD-10827,07/19/2025,"Vista Monitor 27""",Electronics,South,Online,1,$297.87,297.87,167.05,4
ORD-10104,01/30/2025,Halo Desk Organizer,Home & Living,West,Retail,1,$18.24,18.24,10.37,5
ORD-10090,01/26/2025,Zephyr Standing Desk,Furniture,North,Retail,3,$426.84,1280.52,893.45,
ORD-10616,05/31/2025,Zephyr Standing Desk,Furniture,North,Retail,1,$450.31,450.31,276.1,5
ORD-10896,08/03/2025,Terra Ceramic Planter,Home & Living,North,Online,2,$26.27,52.54,39.24,3
ORD-12512,06/01/2026,Halo Desk Organizer,Home & Living,West,Online,2,$19.60,39.2,29.29,5
ORD-12270,04/18/2026,Nimbus Office Chair,Furniture,South,Online,2,$183.18,366.36,225.33,4
ORD-11940,02/13/2026,Echo Mechanical Keyboard,Electronics,East,Online,2,$95.95,191.9,114.21,4
ORD-12097,03/14/2026,Nimbus Office Chair,Furniture,North,Retail,1,$201.65,201.65,139.17,5
ORD-10067,01/18/2025,Echo Mechanical Keyboard,Electronics,East,Retail,1,$83.85,83.85,50.0,
ORD-10225,03/01/2025,Echo Mechanical Keyboard,Electronics,West,Online,1,$84.74,84.74,48.96,5
ORD-10182,02/19/2025,"Vista Monitor 27""",Electronics,South,Retail,1,$279.06,279.06,206.94,4
ORD-11744,01/04/2026,Lumen LED Strip,Electronics,West,Retail,2,$24.94,49.88,32.68,5
ORD-10473,04/28/2025,Cove Bookshelf,Furniture,North,Partner,1,$124.84,124.84,71.36,4
ORD-11047,09/06/2025,Cove Bookshelf,Furniture,South,Online,1,$127.08,127.08,82.2,1
ORD-12589,06/14/2026,Echo Mechanical Keyboard,Electronics,West,Online,3,$83.18,249.54,139.69,3
ORD-11429,11/18/2025,Pulse Wireless Mouse,Electronics,North,Retail,2,$37.11,74.22,52.76,4
ORD-10935,08/12/2025,Cove Bookshelf,Furniture,West,Online,2,$123.59,247.18,141.99,5
ORD-10639,06/04/2025,Pulse Wireless Mouse,Electronics,East,Online,3,$35.54,106.62,75.63,5
ORD-11955,02/15/2026,"Vista Monitor 27""",Electronics,West,Retail,2,$267.80,535.6,336.07,3
ORD-11253,10/19/2025,Echo Mechanical Keyboard,Electronics,North,Online,1,$81.99,81.99,52.97,5
ORD-11025,09/01/2025,Cove Bookshelf,Furniture,East,Retail,1,$126.14,126.14,71.85,2
ORD-11871,01/31/2026,Lumen LED Strip,Electronics,South,Partner,1,$22.37,22.37,13.14,3
ORD-11578,12/09/2025,Terra Ceramic Planter,Home & Living,East,Online,1,$27.89,27.89,17.08,5
ORD-11552,12/06/2025,Pulse Wireless Mouse,Electronics,West,Online,1,$36.59,36.59,23.24,5
ORD-12057,03/06/2026,Zephyr Standing Desk,Furniture,West,Retail,2,$463.90,927.8,632.46,3
ORD-11264,10/20/2025,Lumen LED Strip,Electronics,East,Online,1,$22.49,22.49,15.2,4
ORD-11845,01/25/2026,"Vista Monitor 27""",Electronics,West,Retail,1,$284.01,284.01,197.97,2
ORD-12026,02/28/2026,Nimbus Office Chair,Furniture,South,Online,2,$200.60,401.2,281.52,5
ORD-11053,09/07/2025,Halo Desk Organizer,Home & Living,North,Online,2,$17.97,35.94,23.61,2
ORD-10877,07/29/2025,"Vista Monitor 27""",Electronics,East,Partner,2,$289.96,579.92,386.35,5
ORD-10981,08/21/2025,Zephyr Standing Desk,Furniture,North,Online,1,$462.24,462.24,282.0,5
ORD-11474,11/25/2025,Lumen LED Strip,Electronics,West,Retail,2,$22.95,,32.11,5
ORD-12341,05/02/2026,Terra Ceramic Planter,Home & Living,South,Retail,2,$28.24,56.48,32.2,2
ORD-12009,02/24/2026,Echo Mechanical Keyboard,Electronics,North,Partner,1,$95.15,95.15,57.01,4
ORD-11870,01/31/2026,Aurora Desk Lamp,Home & Living,North,Partner,1,$39.17,39.17,29.18,5
ORD-11713,12/30/2025,Cove Bookshelf,Furniture,East,Online,1,$136.65,136.65,100.53,3
ORD-11802,01/16/2026,Halo Desk Organizer,Home & Living,East,Retail,3,$18.51,55.53,35.59,5
ORD-12083,03/10/2026,Aurora Desk Lamp,Home & Living,West,Retail,2,$41.03,82.06,61.34,5
ORD-12418,05/15/2026,Echo Mechanical Keyboard,Electronics,East,Online,2,$85.13,170.26,105.42,5
ORD-11100,09/18/2025,Terra Ceramic Planter,Home & Living,East,Online,3,$29.95,89.85,56.14,2
ORD-10655,06/08/2025,Echo Mechanical Keyboard,Electronics,West,Online,2,$91.06,182.12,125.71,4
ORD-10227,03/01/2025,Nimbus Office Chair,Furniture,West,Retail,1,$195.62,195.62,128.16,2
ORD-10218,02/27/2025,"Vista Monitor 27""",Electronics,West,Online,1,$258.23,258.23,145.5,5
ORD-11376,11/10/2025,Echo Mechanical Keyboard,Electronics,South,Partner,1,$94.67,94.67,67.58,5
ORD-11159,10/01/2025,Aurora Desk Lamp,Home & Living,West,Partner,3,$43.51,130.53,84.62,4
ORD-12276,04/19/2026,Zephyr Standing Desk,Furniture,East,Retail,1,$429.96,429.96,280.7,5
ORD-10783,07/09/2025,Halo Desk Organizer,Home & Living,East,Online,2,$20.49,40.98,29.17,2
ORD-11415,11/16/2025,Pulse Wireless Mouse,Electronics,West,Retail,1,$34.17,34.17,23.65,5
ORD-11394,11/13/2025,"Vista Monitor 27""",Electronics,East,Online,1,$267.42,267.42,172.64,5
ORD-11705,12/29/2025,Halo Desk Organizer,Home & Living,North,Online,1,$18.49,18.49,10.42,5
ORD-11358,11/08/2025,Zephyr Standing Desk,Furniture,North,Online,3,$442.04,1326.12,813.74,3
ORD-10707,06/21/2025,Halo Desk Organizer,Home & Living,East,Online,1,$18.18,18.18,10.84,5
ORD-10554,05/18/2025,Lumen LED Strip,Electronics,West,Online,3,$22.60,67.8,42.59,3
ORD-11381,11/11/2025,Lumen LED Strip,Electronics,East,Partner,2,$22.48,44.96,27.23,2
ORD-10050,01/14/2025,Pulse Wireless Mouse,Electronics,East,Retail,4,$34.17,136.68,89.1,4
ORD-11928,02/10/2026,Pulse Wireless Mouse,Electronics,North,Online,2,$36.18,72.36,50.2,4
ORD-11286,10/25/2025,Cove Bookshelf,Furniture,East,Online,2,$133.87,267.74,165.38,
ORD-12093,03/13/2026,Halo Desk Organizer,Home & Living,West,Retail,4,$20.13,80.52,53.08,2
ORD-10838,07/21/2025,Lumen LED Strip,Electronics,North,Retail,3,$25.50,76.5,51.13,
ORD-10964,08/17/2025,Cove Bookshelf,Furniture,North,Online,3,$135.16,405.48,227.33,1
ORD-10268,03/09/2025,Cove Bookshelf,Furniture,West,Online,1,$128.87,128.87,95.07,4
ORD-12605,06/17/2026,Nimbus Office Chair,Furniture,South,Online,1,$191.00,191.0,140.13,1
ORD-11347,11/06/2025,"Vista Monitor 27""",Electronics,West,Online,1,$293.65,293.65,186.52,3
ORD-11635,12/18/2025,Echo Mechanical Keyboard,Electronics,East,Online,1,$95.20,95.2,57.59,5
ORD-11537,12/04/2025,Echo Mechanical Keyboard,Electronics,West,Retail,1,$85.00,85.0,63.12,5
ORD-10862,07/26/2025,Zephyr Standing Desk,Furniture,East,Online,4,$483.17,1932.68,1191.03,4
ORD-10375,04/03/2025,Aurora Desk Lamp,Home & Living,West,Online,2,$43.31,86.62,61.8,3
ORD-11610,12/15/2025,"Vista Monitor 27""",Electronics,North,Online,1,$286.08,286.08,168.81,3
ORD-11650,12/20/2025,"Vista Monitor 27""",Electronics,North,Retail,1,$285.97,285.97,196.37,5
ORD-11515,12/01/2025,Echo Mechanical Keyboard,Electronics,North,Online,2,$83.69,167.38,115.39,4
ORD-10370,04/02/2025,Nimbus Office Chair,Furniture,North,Partner,1,$192.82,192.82,138.32,3
ORD-11590,12/11/2025,Halo Desk Organizer,Home & Living,South,Retail,1,$17.52,17.52,11.96,1
ORD-12498,05/30/2026,"Vista Monitor 27""",Electronics,West,Online,3,$296.86,890.58,553.47,
ORD-11448,11/21/2025,Cove Bookshelf,Furniture,South,Online,2,$125.88,251.76,174.03,3
ORD-10557,05/18/2025,Nimbus Office Chair,Furniture,South,Retail,1,$201.20,201.2,124.5,5
ORD-11830,01/21/2026,Aurora Desk Lamp,Home & Living,North,Online,1,$39.60,39.6,22.6,5
ORD-10291,03/15/2025,Zephyr Standing Desk,Furniture,East,Retail,3,$442.79,1328.37,803.7,3
ORD-11543,12/05/2025,Zephyr Standing Desk,Furniture,North,Partner,4,$451.59,1806.36,1275.13,5
ORD-11989,02/20/2026,Aurora Desk Lamp,Home & Living,South,Online,3,$42.84,128.52,77.81,5
ORD-12559,06/09/2026,Lumen LED Strip,Electronics,East,Online,1,$25.73,25.73,14.33,4
ORD-11994,02/21/2026,Nimbus Office Chair,Furniture,West,Online,3,$187.04,561.12,405.23,4
ORD-10702,06/20/2025,Echo Mechanical Keyboard,Electronics,East,Online,1,$91.17,91.17,60.74,3
ORD-11156,10/01/2025,Aurora Desk Lamp,Home & Living,North,Partner,1,$43.76,43.76,27.81,4
ORD-10032,01/10/2025,Zephyr Standing Desk,Furniture,North,Retail,1,$426.72,426.72,253.28,1
ORD-10814,07/16/2025,Lumen LED Strip,Electronics,East,Partner,2,$22.62,45.24,30.8,1
ORD-12369,05/06/2026,Echo Mechanical Keyboard,Electronics,North,Partner,2,$89.31,178.62,124.59,5
ORD-11753,01/06/2026,Echo Mechanical Keyboard,Electronics,South,Online,1,$82.03,82.03,47.04,
ORD-11542,12/05/2025,Aurora Desk Lamp,Home & Living,South,Online,1,$40.92,40.92,29.2,5
ORD-11866,01/30/2026,Echo Mechanical Keyboard,Electronics,North,Retail,2,$83.62,167.24,115.53,2
ORD-10270,03/09/2025,Halo Desk Organizer,Home & Living,East,Retail,3,$19.53,58.59,34.49,5
ORD-10601,05/28/2025,Aurora Desk Lamp,Home & Living,East,Online,2,$40.49,80.98,51.01,4
ORD-12264,04/17/2026,Terra Ceramic Planter,Home & Living,East,Online,3,$30.00,90.0,53.49,5
ORD-12412,05/14/2026,Nimbus Office Chair,Furniture,West,Online,2,$176.90,353.8,220.95,4
ORD-10297,03/16/2025,Lumen LED Strip,Electronics,East,Online,3,$25.17,75.51,50.4,4
ORD-12505,05/31/2026,Nimbus Office Chair,Furniture,South,Online,3,$202.24,606.72,440.27,4
ORD-12136,03/22/2026,Halo Desk Organizer,Home & Living,North,Partner,4,$20.47,81.88,59.55,5
ORD-10502,05/05/2025,Echo Mechanical Keyboard,Electronics,West,Online,2,$92.40,184.8,105.15,3
ORD-10628,06/02/2025,Halo Desk Organizer,Home & Living,South,Retail,1,$17.72,17.72,10.96,
ORD-11473,11/25/2025,Halo Desk Organizer,Home & Living,North,Online,2,$20.47,40.94,25.53,1
ORD-10932,08/12/2025,"Vista Monitor 27""",Electronics,West,Online,4,$291.60,,654.43,4
ORD-10013,01/04/2025,Terra Ceramic Planter,Home & Living,East,Online,3,$26.74,80.22,60.13,1
ORD-12159,03/27/2026,Nimbus Office Chair,Furniture,East,Online,2,$200.80,401.6,294.39,4
ORD-11472,11/25/2025,Aurora Desk Lamp,Home & Living,East,Online,1,$39.48,39.48,27.25,2
ORD-11121,09/23/2025,Halo Desk Organizer,Home & Living,West,Online,2,$18.88,37.76,22.29,5
ORD-12488,05/28/2026,"Vista Monitor 27""",Electronics,West,Partner,2,$300.86,601.72,450.86,5
ORD-11835,01/23/2026,Terra Ceramic Planter,Home & Living,West,Online,4,$27.41,109.64,60.76,5
ORD-11727,12/31/2025,Halo Desk Organizer,Home & Living,South,Partner,1,$18.46,18.46,13.04,1
ORD-11187,10/07/2025,Lumen LED Strip,Electronics,East,Partner,1,$25.73,25.73,17.6,5
ORD-11393,11/12/2025,Zephyr Standing Desk,Furniture,East,Partner,1,$436.02,436.02,252.72,5
ORD-12338,05/01/2026,"Vista Monitor 27""",Electronics,South,Online,1,$283.02,283.02,199.72,3
ORD-11312,11/01/2025,Terra Ceramic Planter,Home & Living,North,Online,2,$29.36,58.72,39.89,2
ORD-11865,01/29/2026,Aurora Desk Lamp,Home & Living,North,Retail,1,$40.93,40.93,29.95,5
ORD-10520,05/10/2025,Nimbus Office Chair,Furniture,North,Partner,2,$181.57,363.14,213.96,4
ORD-10052,01/14/2025,Echo Mechanical Keyboard,Electronics,East,Online,4,$92.25,369.0,226.1,5
ORD-11377,11/10/2025,Pulse Wireless Mouse,Electronics,West,Online,1,$36.83,36.83,25.01,1
ORD-12261,04/15/2026,Cove Bookshelf,Furniture,North,Partner,1,$134.98,134.98,96.65,5
ORD-10292,03/15/2025,Terra Ceramic Planter,Home & Living,South,Retail,1,$28.25,28.25,15.8,5
ORD-11271,10/22/2025,Lumen LED Strip,Electronics,North,Retail,1,$22.79,22.79,13.26,5
ORD-11280,10/24/2025,Zephyr Standing Desk,Furniture,East,Online,1,$444.25,444.25,257.52,5
ORD-11524,12/02/2025,Nimbus Office Chair,Furniture,North,Online,2,$201.84,403.68,275.83,5
ORD-12023,02/27/2026,Nimbus Office Chair,Furniture,West,Online,1,$184.54,184.54,108.64,2
ORD-12322,04/28/2026,"Vista Monitor 27""",Electronics,South,Online,2,$289.83,579.66,380.16,5
ORD-10085,01/25/2025,Echo Mechanical Keyboard,Electronics,West,Online,3,$84.47,253.41,150.13,5
ORD-11160,10/01/2025,Terra Ceramic Planter,Home & Living,East,Online,2,$27.95,55.9,37.91,1
ORD-10780,07/08/2025,Cove Bookshelf,Furniture,West,Online,2,$119.77,239.54,148.21,5
ORD-11108,09/20/2025,"Vista Monitor 27""",Electronics,North,Retail,1,$299.15,299.15,216.31,4
ORD-10419,04/13/2025,"Vista Monitor 27""",Electronics,North,Online,2,$259.40,518.8,314.37,5
ORD-10224,03/01/2025,Pulse Wireless Mouse,Electronics,East,Partner,1,$37.19,37.19,26.79,3
ORD-10192,02/21/2025,Zephyr Standing Desk,Furniture,South,Retail,1,$464.89,,259.75,5
ORD-10329,03/24/2025,Nimbus Office Chair,Furniture,South,Retail,1,$177.98,177.98,98.13,5
ORD-10352,03/29/2025,Terra Ceramic Planter,Home & Living,South,Online,1,$28.43,28.43,18.9,5
ORD-12312,04/26/2026,Echo Mechanical Keyboard,Electronics,West,Retail,2,$87.50,175.0,98.38,1
ORD-12137,03/22/2026,Halo Desk Organizer,Home & Living,South,Online,2,$18.00,36.0,25.82,5
ORD-10389,04/06/2025,Pulse Wireless Mouse,Electronics,North,Online,1,$36.94,36.94,20.74,5
ORD-12177,03/30/2026,"Vista Monitor 27""",Electronics,East,Online,4,$291.45,1165.8,809.13,3
ORD-12008,02/24/2026,Nimbus Office Chair,Furniture,East,Retail,1,$182.02,182.02,128.62,5
ORD-10443,04/20/2025,Pulse Wireless Mouse,Electronics,East,Online,1,$32.74,32.74,20.58,1
ORD-11561,12/07/2025,Echo Mechanical Keyboard,Electronics,South,Online,1,$95.54,95.54,57.05,5
ORD-10054,01/14/2025,Echo Mechanical Keyboard,Electronics,West,Retail,2,$88.02,176.04,130.23,2
ORD-11343,11/05/2025,Pulse Wireless Mouse,Electronics,South,Retail,3,$35.12,105.36,58.03,3
ORD-11154,09/30/2025,Halo Desk Organizer,Home & Living,North,Partner,1,$18.31,18.31,12.93,5
ORD-11530,12/03/2025,Nimbus Office Chair,Furniture,West,Retail,1,$201.84,,128.51,4
ORD-11810,01/17/2026,Echo Mechanical Keyboard,Electronics,North,Online,1,$92.41,92.41,60.7,4
ORD-11583,12/10/2025,Cove Bookshelf,Furniture,West,Online,2,$125.46,,183.73,1
ORD-11672,12/24/2025,Zephyr Standing Desk,Furniture,West,Retail,2,$433.07,866.14,611.15,4
ORD-10197,02/22/2025,Pulse Wireless Mouse,Electronics,West,Online,1,$34.72,34.72,22.66,4
ORD-10123,02/04/2025,Cove Bookshelf,Furniture,East,Partner,1,$119.42,119.42,67.32,4
ORD-10062,01/17/2025,Nimbus Office Chair,Furniture,South,Retail,2,$198.20,396.4,273.19,2
ORD-11622,12/16/2025,Terra Ceramic Planter,Home & Living,North,Retail,3,$29.22,87.66,53.52,5
ORD-10975,08/20/2025,Lumen LED Strip,Electronics,East,Online,3,$23.17,69.51,48.69,5
ORD-12521,06/03/2026,Zephyr Standing Desk,Furniture,East,Online,4,$419.38,1677.52,1121.73,3
ORD-10695,06/18/2025,Nimbus Office Chair,Furniture,East,Online,2,$174.46,348.92,252.44,5
ORD-10021,01/08/2025,Zephyr Standing Desk,Furniture,East,Partner,1,$424.94,424.94,278.56,5
ORD-10064,01/18/2025,Halo Desk Organizer,Home & Living,South,Partner,1,$19.96,19.96,14.54,5
ORD-11195,10/08/2025,"Vista Monitor 27""",Electronics,West,Retail,1,$263.26,263.26,159.71,1
ORD-11114,09/20/2025,Echo Mechanical Keyboard,Electronics,South,Online,1,$94.89,94.89,63.08,5
ORD-11735,01/02/2026,Echo Mechanical Keyboard,Electronics,East,Partner,1,$87.89,87.89,59.96,1
ORD-11999,02/22/2026,Echo Mechanical Keyboard,Electronics,South,Partner,1,$92.06,92.06,67.18,1
ORD-12430,05/17/2026,Cove Bookshelf,Furniture,South,Online,1,$120.11,120.11,87.02,5
ORD-11734,01/02/2026,Echo Mechanical Keyboard,Electronics,West,Online,1,$90.29,90.29,58.99,3
ORD-12118,03/18/2026,"Vista Monitor 27""",Electronics,South,Retail,2,$265.31,530.62,303.35,4
ORD-11471,11/25/2025,Cove Bookshelf,Furniture,East,Online,4,$131.23,524.92,328.54,5
ORD-10849,07/23/2025,Terra Ceramic Planter,Home & Living,East,Online,2,$27.31,54.62,35.35,5
ORD-12604,06/17/2026,Nimbus Office Chair,Furniture,South,Retail,2,$193.83,387.66,241.77,2
ORD-12122,03/19/2026,Nimbus Office Chair,Furniture,South,Online,1,$186.30,186.3,104.1,2
ORD-10687,06/15/2025,Nimbus Office Chair,Furniture,South,Retail,3,$184.93,554.79,326.27,4
ORD-11487,11/27/2025,Echo Mechanical Keyboard,Electronics,West,Retail,1,$92.22,92.22,62.18,1
ORD-10066,01/18/2025,"Vista Monitor 27""",Electronics,North,Online,1,$284.66,284.66,172.2,4
ORD-11319,11/01/2025,"Vista Monitor 27""",Electronics,North,Online,3,$282.86,848.58,611.32,5
ORD-10311,03/19/2025,Echo Mechanical Keyboard,Electronics,East,Partner,1,$87.19,87.19,55.03,4
ORD-12472,05/26/2026,Halo Desk Organizer,Home & Living,North,Online,1,$19.87,19.87,10.95,5
ORD-10348,03/28/2025,Halo Desk Organizer,Home & Living,South,Online,4,$18.05,72.2,44.42,5
ORD-11973,02/18/2026,Aurora Desk Lamp,Home & Living,West,Online,1,$41.76,41.76,29.71,5
ORD-10818,07/17/2025,Echo Mechanical Keyboard,Electronics,East,Online,1,$83.60,83.6,57.42,4
ORD-11119,09/22/2025,Zephyr Standing Desk,Furniture,North,Partner,4,$451.62,1806.48,1166.35,4
ORD-10306,03/18/2025,Cove Bookshelf,Furniture,West,Online,4,$138.19,552.76,377.89,4
ORD-12103,03/15/2026,Halo Desk Organizer,Home & Living,North,Online,1,$18.06,18.06,10.85,5
ORD-11282,10/25/2025,Zephyr Standing Desk,Furniture,East,Online,1,$476.68,476.68,340.11,3
ORD-12041,03/02/2026,Lumen LED Strip,Electronics,North,Online,1,$25.64,25.64,16.13,4
ORD-11303,10/30/2025,Zephyr Standing Desk,Furniture,North,Retail,2,$421.50,843.0,580.96,5
ORD-12404,05/12/2026,Halo Desk Organizer,Home & Living,North,Online,1,$17.63,17.63,12.48,4
ORD-10204,02/23/2025,Halo Desk Organizer,Home & Living,South,Retail,1,$18.22,18.22,10.54,4
ORD-10884,07/31/2025,Lumen LED Strip,Electronics,East,Partner,3,$25.13,75.39,49.89,5
ORD-11077,09/13/2025,Aurora Desk Lamp,Home & Living,North,Retail,1,$41.52,41.52,27.99,1
ORD-10784,07/09/2025,Zephyr Standing Desk,Furniture,North,Online,2,$449.40,898.8,647.4,4
ORD-11991,02/21/2026,Lumen LED Strip,Electronics,South,Online,1,$22.74,22.74,16.9,1
ORD-12596,06/15/2026,Pulse Wireless Mouse,Electronics,West,Online,2,$35.34,70.68,48.35,3
ORD-10073,01/20/2025,Nimbus Office Chair,Furniture,South,Online,1,$187.84,187.84,105.2,4
ORD-11988,02/20/2026,Nimbus Office Chair,Furniture,North,Partner,1,$201.87,201.87,138.75,5
ORD-11093,09/17/2025,Nimbus Office Chair,Furniture,South,Online,3,$197.92,593.76,349.33,5
ORD-10221,02/27/2025,Zephyr Standing Desk,Furniture,North,Online,1,$453.43,453.43,273.13,5
ORD-12060,03/06/2026,Terra Ceramic Planter,Home & Living,South,Online,2,$25.93,51.86,28.62,5
ORD-11767,01/09/2026,"Vista Monitor 27""",Electronics,West,Online,2,$287.89,575.78,389.78,5
ORD-10354,03/29/2025,Aurora Desk Lamp,Home & Living,South,Retail,1,$41.90,41.9,24.68,5
ORD-12220,04/08/2026,"Vista Monitor 27""",Electronics,East,Online,1,$258.93,258.93,161.49,5
ORD-10543,05/15/2025,"Vista Monitor 27""",Electronics,West,Online,2,$301.17,,430.52,4
ORD-12033,02/28/2026,"Vista Monitor 27""",Electronics,West,Online,2,$281.61,563.22,409.93,4
ORD-12426,05/16/2026,Zephyr Standing Desk,Furniture,East,Retail,3,$438.48,1315.44,726.81,2
ORD-10380,04/05/2025,Terra Ceramic Planter,Home & Living,East,Online,1,$29.30,29.3,17.57,5
ORD-11804,01/16/2026,Lumen LED Strip,Electronics,East,Retail,2,$22.31,44.62,33.31,5
ORD-12151,03/25/2026,Nimbus Office Chair,Furniture,North,Retail,3,$178.43,535.29,382.66,1
ORD-12552,06/08/2026,Zephyr Standing Desk,Furniture,West,Online,2,$440.76,881.52,561.32,3
ORD-12178,03/30/2026,Lumen LED Strip,Electronics,North,Online,1,$25.23,25.23,18.91,5
ORD-11776,01/10/2026,Lumen LED Strip,Electronics,West,Partner,1,$23.13,23.13,15.01,4
ORD-10364,04/01/2025,Zephyr Standing Desk,Furniture,North,Retail,1,$423.59,423.59,260.26,5
ORD-10376,04/04/2025,Nimbus Office Chair,Furniture,South,Partner,2,$195.98,391.96,223.61,3
ORD-12227,04/10/2026,"Vista Monitor 27""",Electronics,West,Online,1,$257.16,257.16,185.13,2
ORD-10834,07/20/2025,Aurora Desk Lamp,Home & Living,South,Online,1,$39.56,39.56,28.5,4
ORD-11177,10/04/2025,Echo Mechanical Keyboard,Electronics,North,Online,2,$91.35,182.7,114.31,4
ORD-10524,05/11/2025,Halo Desk Organizer,Home & Living,East,Online,3,$17.79,53.37,36.37,5
ORD-11984,02/19/2026,Cove Bookshelf,Furniture,West,Online,2,$122.58,245.16,180.64,5
ORD-10310,03/19/2025,Nimbus Office Chair,Furniture,North,Retail,1,$201.64,201.64,132.05,4
ORD-11409,11/15/2025,Halo Desk Organizer,Home & Living,West,Online,1,$18.93,18.93,11.57,4
ORD-11143,09/27/2025,Zephyr Standing Desk,Furniture,West,Online,1,$476.58,476.58,292.43,4
ORD-11203,10/09/2025,"Vista Monitor 27""",Electronics,West,Retail,1,$263.14,263.14,156.21,1
ORD-11490,11/27/2025,Lumen LED Strip,Electronics,North,Online,2,$25.15,50.3,37.23,5
ORD-10954,08/16/2025,Terra Ceramic Planter,Home & Living,East,Partner,3,$26.34,79.02,56.99,4
ORD-11115,09/21/2025,Nimbus Office Chair,Furniture,South,Partner,1,$177.17,177.17,117.62,2
ORD-11759,01/07/2026,Cove Bookshelf,Furniture,North,Retail,1,$123.87,123.87,76.96,5
ORD-11290,10/26/2025,Lumen LED Strip,Electronics,West,Online,3,$24.72,74.16,51.39,2
ORD-10296,03/16/2025,Echo Mechanical Keyboard,Electronics,East,Retail,3,$84.59,253.77,153.2,2
ORD-11689,12/26/2025,Terra Ceramic Planter,Home & Living,West,Partner,2,$28.49,56.98,33.13,5
ORD-10634,06/04/2025,Echo Mechanical Keyboard,Electronics,East,Online,2,$88.66,177.32,132.1,5
ORD-12250,04/14/2026,Pulse Wireless Mouse,Electronics,West,Online,1,$35.04,35.04,26.02,5
ORD-12352,05/03/2026,Aurora Desk Lamp,Home & Living,North,Retail,2,$43.71,87.42,61.98,5
ORD-11273,10/23/2025,Zephyr Standing Desk,Furniture,West,Online,2,$434.05,868.1,588.51,3
ORD-10122,02/04/2025,Nimbus Office Chair,Furniture,South,Retail,3,$199.87,599.61,375.36,5
ORD-10155,02/13/2025,Lumen LED Strip,Electronics,South,Retail,1,$23.67,23.67,16.94,4
ORD-11129,09/25/2025,"Vista Monitor 27""",Electronics,North,Online,1,$294.88,294.88,185.58,3
ORD-11495,11/28/2025,Nimbus Office Chair,Furniture,East,Online,1,$197.67,197.67,118.98,3
ORD-10761,07/03/2025,Pulse Wireless Mouse,Electronics,East,Partner,1,$34.52,34.52,23.27,5
ORD-12577,06/12/2026,Lumen LED Strip,Electronics,East,Online,3,$22.59,,43.1,4
ORD-10327,03/23/2025,Zephyr Standing Desk,Furniture,North,Online,1,$432.40,432.4,261.03,4
ORD-10441,04/19/2025,"Vista Monitor 27""",Electronics,East,Retail,5,$288.13,1440.65,916.63,5
ORD-11158,10/01/2025,Halo Desk Organizer,Home & Living,East,Online,1,$18.94,18.94,11.68,4
ORD-10604,05/28/2025,Aurora Desk Lamp,Home & Living,North,Online,4,$40.39,161.56,102.01,4
ORD-10558,05/18/2025,Zephyr Standing Desk,Furniture,West,Online,3,$424.64,1273.92,756.91,3
ORD-11212,10/11/2025,Cove Bookshelf,Furniture,North,Retail,3,$122.50,367.5,261.87,5
ORD-12014,02/25/2026,Cove Bookshelf,Furniture,West,Online,1,$129.52,129.52,96.16,5
ORD-12039,03/01/2026,Zephyr Standing Desk,Furniture,East,Retail,1,$457.84,457.84,338.66,1
ORD-11604,12/14/2025,Nimbus Office Chair,Furniture,North,Online,2,$179.54,359.08,223.2,1
ORD-10136,02/08/2025,Echo Mechanical Keyboard,Electronics,North,Retail,2,$82.95,165.9,116.27,5
ORD-10573,05/22/2025,Aurora Desk Lamp,Home & Living,West,Retail,3,$43.37,130.11,85.13,4
ORD-10550,05/17/2025,Pulse Wireless Mouse,Electronics,South,Retail,1,$33.47,33.47,20.14,5
ORD-11532,12/03/2025,Lumen LED Strip,Electronics,North,Online,2,$25.70,51.4,35.19,3
ORD-11497,11/28/2025,Cove Bookshelf,Furniture,North,Retail,3,$119.55,358.65,248.71,4
ORD-11463,11/24/2025,Pulse Wireless Mouse,Electronics,North,Online,1,$37.09,37.09,21.57,4
ORD-11522,12/02/2025,Terra Ceramic Planter,Home & Living,East,Online,1,$28.09,28.09,18.68,4
ORD-11837,01/24/2026,Terra Ceramic Planter,Home & Living,South,Partner,1,$29.72,29.72,19.08,
ORD-12568,06/11/2026,Lumen LED Strip,Electronics,South,Partner,1,$25.87,25.87,15.6,4
ORD-12420,05/15/2026,Pulse Wireless Mouse,Electronics,East,Online,2,$32.92,65.84,45.06,4
ORD-12349,05/02/2026,Halo Desk Organizer,Home & Living,West,Online,2,$18.70,37.4,26.72,4
ORD-12374,05/07/2026,Halo Desk Organizer,Home & Living,West,Retail,2,$20.35,40.7,27.84,1
ORD-11763,01/08/2026,Halo Desk Organizer,Home & Living,West,Online,1,$18.76,18.76,11.8,5
ORD-10139,02/08/2025,"Vista Monitor 27""",Electronics,East,Partner,1,$257.80,257.8,187.38,4
ORD-12073,03/09/2026,Pulse Wireless Mouse,Electronics,North,Online,2,$34.53,69.06,50.5,2
ORD-10081,01/23/2025,Cove Bookshelf,Furniture,South,Online,1,$132.05,132.05,72.96,5
ORD-12098,03/14/2026,Lumen LED Strip,Electronics,East,Retail,2,$24.88,49.76,28.63,5
ORD-10542,05/15/2025,Echo Mechanical Keyboard,Electronics,North,Retail,2,$86.61,173.22,107.77,5
ORD-11340,11/05/2025,Terra Ceramic Planter,Home & Living,West,Retail,1,$27.50,27.5,15.18,2
ORD-10273,03/10/2025,Pulse Wireless Mouse,Electronics,North,Online,2,$35.86,71.72,49.38,4
ORD-10811,07/16/2025,Lumen LED Strip,Electronics,East,Online,2,$23.96,47.92,26.96,5
ORD-12034,03/01/2026,Cove Bookshelf,Furniture,North,Retail,3,$133.47,400.41,261.87,4
ORD-12494,05/29/2026,Nimbus Office Chair,Furniture,East,Online,2,$204.02,408.04,262.18,5
ORD-10382,04/05/2025,Lumen LED Strip,Electronics,North,Partner,1,$24.95,24.95,15.2,4
ORD-10048,01/13/2025,Pulse Wireless Mouse,Electronics,East,Online,3,$34.34,103.02,57.46,5
ORD-10859,07/25/2025,Zephyr Standing Desk,Furniture,North,Online,2,$435.83,871.66,501.46,5
ORD-11965,02/17/2026,"Vista Monitor 27""",Electronics,East,Online,1,$292.45,292.45,171.88,2
ORD-11050,09/06/2025,Echo Mechanical Keyboard,Electronics,West,Retail,1,$85.37,85.37,63.22,1
ORD-12398,05/11/2026,Zephyr Standing Desk,Furniture,East,Online,2,$417.29,834.58,573.77,5
ORD-11732,01/01/2026,Lumen LED Strip,Electronics,West,Online,3,$22.56,67.68,44.19,2
ORD-10231,03/02/2025,Pulse Wireless Mouse,Electronics,East,Retail,1,$36.94,36.94,22.17,3
ORD-11276,10/23/2025,Pulse Wireless Mouse,Electronics,East,Online,3,$36.24,108.72,68.68,1
ORD-12054,03/06/2026,Cove Bookshelf,Furniture,East,Partner,1,$133.73,133.73,81.64,1
ORD-11240,10/16/2025,Lumen LED Strip,Electronics,North,Online,2,$22.59,45.18,28.04,3
ORD-10018,01/07/2025,Zephyr Standing Desk,Furniture,West,Retail,1,$481.58,481.58,353.71,5
ORD-10477,04/30/2025,Lumen LED Strip,Electronics,East,Partner,1,$24.72,24.72,16.75,4
ORD-12147,03/25/2026,Halo Desk Organizer,Home & Living,East,Retail,2,$17.73,35.46,24.38,5
ORD-10515,05/09/2025,Aurora Desk Lamp,Home & Living,North,Retail,1,$42.38,42.38,23.31,5
ORD-10029,01/09/2025,Nimbus Office Chair,Furniture,West,Partner,1,$175.41,175.41,131.53,4
ORD-10921,08/09/2025,Lumen LED Strip,Electronics,West,Online,1,$23.18,23.18,12.97,4
ORD-10973,08/19/2025,Aurora Desk Lamp,Home & Living,West,Retail,1,$44.03,44.03,26.71,5
ORD-10582,05/24/2025,"Vista Monitor 27""",Electronics,East,Retail,1,$264.29,264.29,189.25,
ORD-12603,06/17/2026,Echo Mechanical Keyboard,Electronics,North,Online,1,$92.28,92.28,65.35,5
ORD-11949,02/14/2026,Nimbus Office Chair,Furniture,South,Retail,3,$195.52,586.56,430.81,4
ORD-11779,01/10/2026,Halo Desk Organizer,Home & Living,West,Online,2,$18.69,37.38,24.86,4
ORD-11909,02/06/2026,Cove Bookshelf,Furniture,East,Online,1,$131.77,131.77,82.9,1
ORD-11841,01/24/2026,"Vista Monitor 27""",Electronics,West,Retail,1,$270.09,270.09,193.54,1
ORD-12367,05/05/2026,Cove Bookshelf,Furniture,North,Retail,1,$124.66,124.66,85.06,2
ORD-12246,04/13/2026,Lumen LED Strip,Electronics,North,Online,2,$23.73,47.46,31.88,1
ORD-12166,03/29/2026,Zephyr Standing Desk,Furniture,East,Online,1,$461.63,461.63,285.28,1
ORD-12363,05/05/2026,"Vista Monitor 27""",Electronics,North,Online,3,$297.04,891.12,640.58,3
ORD-12101,03/15/2026,Zephyr Standing Desk,Furniture,West,Online,1,$442.14,442.14,295.42,4
ORD-10421,04/14/2025,"Vista Monitor 27""",Electronics,North,Retail,1,$271.04,271.04,163.73,1
ORD-11011,08/29/2025,Terra Ceramic Planter,Home & Living,South,Partner,2,$29.29,58.58,33.84,5
ORD-11039,09/04/2025,Halo Desk Organizer,Home & Living,East,Online,1,$19.07,19.07,13.35,
ORD-11816,01/19/2026,Terra Ceramic Planter,Home & Living,West,Online,1,$28.81,28.81,19.94,4
ORD-11071,09/12/2025,Aurora Desk Lamp,Home & Living,South,Online,2,$42.62,85.24,57.56,2
ORD-12641,06/24/2026,Cove Bookshelf,Furniture,North,Online,1,$125.43,125.43,78.72,5
ORD-11210,10/11/2025,Cove Bookshelf,Furniture,West,Online,2,$123.32,246.64,164.6,2
ORD-10427,04/15/2025,Zephyr Standing Desk,Furniture,North,Online,1,$448.31,448.31,254.66,5
ORD-12311,04/25/2026,Cove Bookshelf,Furniture,East,Partner,2,$132.79,265.58,182.9,5
ORD-10416,04/13/2025,Echo Mechanical Keyboard,Electronics,South,Retail,4,$82.60,330.4,242.79,5
ORD-11467,11/24/2025,Lumen LED Strip,Electronics,West,Retail,1,$24.25,24.25,16.3,4
ORD-11562,12/07/2025,Nimbus Office Chair,Furniture,North,Online,3,$176.22,528.66,304.22,2
ORD-10786,07/09/2025,Echo Mechanical Keyboard,Electronics,East,Online,1,$93.38,93.38,56.24,5
ORD-10217,02/27/2025,Nimbus Office Chair,Furniture,North,Online,1,$189.40,189.4,132.58,5
ORD-10246,03/04/2025,Terra Ceramic Planter,Home & Living,North,Retail,1,$28.26,28.26,17.61,5
ORD-11147,09/28/2025,Lumen LED Strip,Electronics,West,Retail,1,$25.63,25.63,17.16,4
ORD-11133,09/26/2025,Zephyr Standing Desk,Furniture,East,Online,1,$428.65,428.65,238.71,1
ORD-11632,12/17/2025,Terra Ceramic Planter,Home & Living,South,Online,1,$27.27,27.27,18.47,3
ORD-11315,11/01/2025,Lumen LED Strip,Electronics,East,Retail,2,$23.11,46.22,34.45,5
ORD-10044,01/13/2025,Cove Bookshelf,Furniture,North,Online,3,$130.08,390.24,248.18,
ORD-12378,05/08/2026,Halo Desk Organizer,Home & Living,North,Online,2,$19.52,39.04,24.58,5
ORD-11687,12/26/2025,Lumen LED Strip,Electronics,South,Online,2,$22.90,45.8,29.79,2
ORD-11426,11/18/2025,Zephyr Standing Desk,Furniture,North,Retail,1,$481.59,481.59,333.57,5
ORD-10253,03/05/2025,Lumen LED Strip,Electronics,South,Online,4,$22.50,90.0,49.84,4
ORD-11006,08/28/2025,Nimbus Office Chair,Furniture,West,Online,1,$197.52,197.52,132.72,5
ORD-10279,03/12/2025,"Vista Monitor 27""",Electronics,West,Online,1,$260.74,,170.02,5
ORD-10930,08/11/2025,Aurora Desk Lamp,Home & Living,South,Retail,2,$41.76,83.52,55.29,1
ORD-11102,09/18/2025,Echo Mechanical Keyboard,Electronics,South,Online,1,$87.70,87.7,62.35,3
ORD-11896,02/04/2026,Halo Desk Organizer,Home & Living,North,Partner,2,$19.32,38.64,23.54,5
ORD-12022,02/27/2026,Nimbus Office Chair,Furniture,West,Partner,1,$189.38,189.38,122.23,5
ORD-11902,02/05/2026,Cove Bookshelf,Furniture,East,Retail,3,$125.36,376.08,220.23,4
ORD-12632,06/22/2026,Halo Desk Organizer,Home & Living,West,Online,2,$19.51,39.02,25.62,4
ORD-12554,06/08/2026,Pulse Wireless Mouse,Electronics,East,Online,3,$35.97,107.91,61.54,1
ORD-10553,05/18/2025,Halo Desk Organizer,Home & Living,East,Online,3,$18.81,56.43,35.5,5
ORD-12309,04/25/2026,Echo Mechanical Keyboard,Electronics,North,Partner,1,$94.17,94.17,62.11,4
ORD-11433,11/19/2025,Nimbus Office Chair,Furniture,South,Online,3,$196.74,590.22,397.24,5
ORD-11938,02/12/2026,Cove Bookshelf,Furniture,North,Retail,1,$132.40,132.4,77.18,4
ORD-10570,05/22/2025,Zephyr Standing Desk,Furniture,West,Retail,2,$445.14,890.28,521.55,3
ORD-11847,01/25/2026,Echo Mechanical Keyboard,Electronics,South,Online,3,$92.47,277.41,205.72,5
ORD-11036,09/03/2025,Nimbus Office Chair,Furniture,South,Online,1,$198.07,198.07,135.26,5
ORD-10355,03/29/2025,Terra Ceramic Planter,Home & Living,North,Online,1,$29.52,29.52,19.12,4
ORD-10356,03/29/2025,Pulse Wireless Mouse,Electronics,North,Retail,1,$32.38,32.38,19.27,5
ORD-11167,10/02/2025,Terra Ceramic Planter,Home & Living,West,Partner,2,$28.39,56.78,39.56,2
ORD-12361,05/05/2026,Halo Desk Organizer,Home & Living,South,Online,1,$20.25,20.25,15.17,4
ORD-11531,12/03/2025,Lumen LED Strip,Electronics,West,Online,1,$25.31,25.31,17.27,1
ORD-11243,10/17/2025,Cove Bookshelf,Furniture,East,Online,2,$128.24,256.48,172.75,5
ORD-11351,11/07/2025,Cove Bookshelf,Furniture,East,Online,1,$120.74,120.74,77.13,4
ORD-11922,02/08/2026,Lumen LED Strip,Electronics,South,Online,1,$25.81,,18.02,1
ORD-11551,12/06/2025,Aurora Desk Lamp,Home & Living,East,Online,2,$44.82,89.64,51.02,5
ORD-11015,08/30/2025,Pulse Wireless Mouse,Electronics,East,Online,1,$36.12,36.12,26.18,4
ORD-12567,06/11/2026,Nimbus Office Chair,Furniture,South,Partner,1,$199.69,199.69,119.4,3
ORD-10092,01/28/2025,Cove Bookshelf,Furniture,East,Retail,5,$124.71,623.55,460.69,2
ORD-12130,03/21/2026,Aurora Desk Lamp,Home & Living,North,Online,1,$44.17,44.17,26.36,4
ORD-10844,07/22/2025,Cove Bookshelf,Furniture,East,Retail,3,$124.25,372.75,275.54,2
ORD-12142,03/23/2026,Cove Bookshelf,Furniture,North,Online,3,$120.21,360.63,237.22,2
ORD-10045,01/13/2025,Echo Mechanical Keyboard,Electronics,North,Retail,2,$84.87,169.74,101.83,5
ORD-10433,04/17/2025,Zephyr Standing Desk,Furniture,West,Online,1,$465.44,465.44,344.31,5
ORD-10650,06/07/2025,Echo Mechanical Keyboard,Electronics,West,Online,4,$84.14,336.56,234.13,2
ORD-12481,05/27/2026,Zephyr Standing Desk,Furniture,North,Partner,2,$442.76,885.52,585.39,4
ORD-10471,04/27/2025,Terra Ceramic Planter,Home & Living,South,Online,2,$29.77,59.54,42.89,4
ORD-11186,10/06/2025,Nimbus Office Chair,Furniture,South,Online,5,$174.76,873.8,642.94,4
ORD-11694,12/27/2025,Aurora Desk Lamp,Home & Living,North,Online,1,$40.83,40.83,27.03,5
ORD-10238,03/03/2025,Cove Bookshelf,Furniture,North,Online,2,$120.87,241.74,144.64,3
ORD-10929,08/10/2025,Pulse Wireless Mouse,Electronics,South,Online,2,$33.64,67.28,45.09,4
ORD-12010,02/24/2026,Cove Bookshelf,Furniture,West,Online,1,$135.47,135.47,88.08,3
ORD-11386,11/11/2025,Aurora Desk Lamp,Home & Living,South,Online,1,$41.80,41.8,29.93,
ORD-10531,05/12/2025,Zephyr Standing Desk,Furniture,West,Retail,2,$432.26,864.52,611.31,3
ORD-12630,06/22/2026,Pulse Wireless Mouse,Electronics,West,Online,1,$33.47,33.47,24.31,5
ORD-10540,05/14/2025,Pulse Wireless Mouse,Electronics,South,Retail,2,$34.95,,46.45,4
ORD-10210,02/25/2025,Aurora Desk Lamp,Home & Living,South,Retail,1,$40.76,40.76,24.95,5
ORD-12628,06/22/2026,Pulse Wireless Mouse,Electronics,South,Online,1,$36.60,36.6,25.93,5
ORD-12218,04/07/2026,Nimbus Office Chair,Furniture,East,Online,2,$185.23,370.46,207.9,5
ORD-10865,07/26/2025,"Vista Monitor 27""",Electronics,East,Online,1,$272.63,272.63,167.74,5
ORD-12167,03/29/2026,Nimbus Office Chair,Furniture,West,Partner,2,$188.09,376.18,230.05,5
ORD-10860,07/26/2025,Aurora Desk Lamp,Home & Living,West,Online,1,$39.63,39.63,25.35,2
ORD-10997,08/26/2025,Echo Mechanical Keyboard,Electronics,South,Online,1,$84.18,84.18,58.53,5
ORD-12532,06/05/2026,Echo Mechanical Keyboard,Electronics,East,Online,3,$82.64,247.92,141.11,5
ORD-10541,05/14/2025,Cove Bookshelf,Furniture,South,Online,2,$120.09,240.18,156.36,2
ORD-10017,01/06/2025,Cove Bookshelf,Furniture,West,Online,2,$120.88,241.76,163.2,4
ORD-12499,05/30/2026,Aurora Desk Lamp,Home & Living,North,Retail,1,$39.17,39.17,22.41,
ORD-11738,01/03/2026,Halo Desk Organizer,Home & Living,South,Online,1,$18.71,18.71,14.01,5
ORD-11565,12/07/2025,Terra Ceramic Planter,Home & Living,West,Online,1,$30.22,30.22,20.97,4
ORD-12146,03/24/2026,Aurora Desk Lamp,Home & Living,East,Partner,3,$43.88,131.64,92.81,1
ORD-11120,09/23/2025,Terra Ceramic Planter,Home & Living,North,Retail,2,$29.42,58.84,40.19,4
ORD-12181,03/31/2026,Lumen LED Strip,Electronics,South,Partner,1,$23.58,23.58,15.84,2
ORD-11371,11/09/2025,Lumen LED Strip,Electronics,North,Retail,2,$22.19,44.38,25.64,3
ORD-12485,05/28/2026,Halo Desk Organizer,Home & Living,North,Partner,4,$18.71,74.84,51.41,4
ORD-12304,04/24/2026,Echo Mechanical Keyboard,Electronics,East,Retail,2,$93.43,186.86,131.73,3
ORD-10255,03/06/2025,Lumen LED Strip,Electronics,East,Online,2,$24.23,48.46,36.33,3
ORD-10765,07/04/2025,Nimbus Office Chair,Furniture,East,Retail,3,$191.97,575.91,395.71,4
ORD-12399,05/11/2026,Aurora Desk Lamp,Home & Living,North,Retail,1,$39.17,39.17,26.89,5
ORD-10544,05/15/2025,"Vista Monitor 27""",Electronics,North,Partner,2,$297.69,595.38,356.49,5
ORD-12511,06/01/2026,Cove Bookshelf,Furniture,East,Partner,2,$124.19,248.38,170.4,4
ORD-11564,12/07/2025,Zephyr Standing Desk,Furniture,South,Online,1,$423.13,423.13,306.7,2
ORD-11920,02/08/2026,Nimbus Office Chair,Furniture,West,Retail,2,$192.52,385.04,279.88,1
ORD-11097,09/18/2025,Cove Bookshelf,Furniture,North,Retail,2,$126.40,252.8,165.28,5
ORD-10686,06/15/2025,Lumen LED Strip,Electronics,South,Retail,1,$23.01,23.01,13.88,5
ORD-10420,04/14/2025,Cove Bookshelf,Furniture,West,Online,5,$135.09,675.45,505.16,5
ORD-11300,10/29/2025,Lumen LED Strip,Electronics,West,Online,3,$23.47,70.41,41.59,5
ORD-12358,05/04/2026,Halo Desk Organizer,Home & Living,West,Online,1,$18.74,18.74,12.57,5
ORD-12110,03/17/2026,"Vista Monitor 27""",Electronics,North,Online,1,$261.61,261.61,158.91,1
ORD-11427,11/18/2025,Halo Desk Organizer,Home & Living,North,Retail,2,$17.58,35.16,25.9,5
ORD-11277,10/23/2025,Aurora Desk Lamp,Home & Living,West,Online,2,$45.13,90.26,52.83,5
ORD-11677,12/24/2025,Lumen LED Strip,Electronics,East,Online,1,$22.23,22.23,14.93,4
ORD-12550,06/07/2026,Pulse Wireless Mouse,Electronics,East,Retail,1,$34.62,34.62,25.82,4
ORD-10157,02/14/2025,Nimbus Office Chair,Furniture,South,Online,2,$186.94,373.88,261.31,1
ORD-12203,04/04/2026,Zephyr Standing Desk,Furniture,West,Retail,2,$477.06,954.12,545.44,4
ORD-11399,11/13/2025,Echo Mechanical Keyboard,Electronics,East,Online,1,$87.37,87.37,55.96,5
ORD-12274,04/18/2026,Pulse Wireless Mouse,Electronics,South,Retail,4,$32.40,129.6,80.45,2
ORD-11900,02/05/2026,Pulse Wireless Mouse,Electronics,East,Online,1,$35.60,35.6,21.61,1
ORD-10526,05/11/2025,Pulse Wireless Mouse,Electronics,West,Online,1,$34.51,34.51,23.81,5
ORD-10523,05/11/2025,Aurora Desk Lamp,Home & Living,East,Partner,2,$42.36,84.72,53.93,3
ORD-10774,07/07/2025,Terra Ceramic Planter,Home & Living,North,Retail,5,$30.13,150.65,86.95,5
ORD-12163,03/28/2026,Zephyr Standing Desk,Furniture,East,Retail,4,$467.43,1869.72,1077.15,5
ORD-11894,02/04/2026,"Vista Monitor 27""",Electronics,South,Retail,2,$267.69,535.38,362.25,5
ORD-10363,03/31/2025,Cove Bookshelf,Furniture,West,Partner,3,$120.65,361.95,268.77,4
ORD-10605,05/29/2025,Cove Bookshelf,Furniture,West,Retail,2,$138.43,276.86,200.79,5
ORD-12573,06/11/2026,Nimbus Office Chair,Furniture,South,Partner,1,$176.28,176.28,122.69,5
ORD-11557,12/06/2025,Echo Mechanical Keyboard,Electronics,North,Partner,3,$83.07,249.21,165.02,5
ORD-10010,01/03/2025,Lumen LED Strip,Electronics,North,Online,1,$25.06,25.06,14.93,4
ORD-10840,07/21/2025,Nimbus Office Chair,Furniture,East,Online,2,$187.56,375.12,224.36,5
ORD-10775,07/07/2025,Halo Desk Organizer,Home & Living,West,Online,3,$18.86,56.58,35.92,4
ORD-11332,11/03/2025,Nimbus Office Chair,Furniture,North,Online,1,$190.06,190.06,135.64,2
ORD-10864,07/26/2025,Nimbus Office Chair,Furniture,South,Online,1,$178.10,178.1,117.58,4
ORD-12127,03/20/2026,Cove Bookshelf,Furniture,East,Partner,3,$133.72,401.16,294.95,5
ORD-11603,12/13/2025,Aurora Desk Lamp,Home & Living,South,Partner,1,$40.81,40.81,23.3,3
ORD-10325,03/23/2025,Nimbus Office Chair,Furniture,South,Online,1,$191.96,191.96,118.03,5
ORD-10058,01/16/2025,Cove Bookshelf,Furniture,West,Online,2,$128.45,256.9,187.6,2
ORD-10936,08/12/2025,Terra Ceramic Planter,Home & Living,West,Online,4,$29.37,117.48,82.09,
ORD-10373,04/02/2025,Echo Mechanical Keyboard,Electronics,East,Retail,1,$82.62,,55.78,5
ORD-10996,08/25/2025,Terra Ceramic Planter,Home & Living,West,Online,1,$26.96,26.96,18.32,5
ORD-12301,04/23/2026,Cove Bookshelf,Furniture,East,Online,1,$122.12,122.12,83.12,5
ORD-10492,05/03/2025,Lumen LED Strip,Electronics,East,Online,2,$22.89,45.78,25.38,1
ORD-11041,09/05/2025,Cove Bookshelf,Furniture,North,Online,1,$119.61,119.61,86.41,5
ORD-10275,03/10/2025,Echo Mechanical Keyboard,Electronics,North,Online,2,$90.63,181.26,107.64,5
ORD-12162,03/28/2026,Zephyr Standing Desk,Furniture,East,Online,1,$450.56,450.56,305.95,4
ORD-11569,12/08/2025,"Vista Monitor 27""",Electronics,East,Online,5,$270.60,1353.0,794.93,4
ORD-11257,10/19/2025,Nimbus Office Chair,Furniture,South,Retail,2,$203.83,407.66,299.96,2
ORD-11391,11/12/2025,Aurora Desk Lamp,Home & Living,North,Partner,4,$40.39,,114.22,2
ORD-10805,07/13/2025,Aurora Desk Lamp,Home & Living,West,Retail,1,$41.94,41.94,26.72,2
ORD-11728,12/31/2025,Zephyr Standing Desk,Furniture,East,Online,2,$440.17,880.34,589.57,1
ORD-11765,01/08/2026,Lumen LED Strip,Electronics,West,Online,1,$24.26,24.26,13.46,5
ORD-12317,04/27/2026,Pulse Wireless Mouse,Electronics,North,Online,1,$33.28,33.28,22.38,5
ORD-11842,01/25/2026,Zephyr Standing Desk,Furniture,South,Partner,3,$460.47,1381.41,1018.69,1
ORD-11980,02/19/2026,Lumen LED Strip,Electronics,West,Retail,1,$24.16,24.16,14.84,3
ORD-10711,06/22/2025,Halo Desk Organizer,Home & Living,South,Online,3,$18.97,56.91,35.0,
ORD-10732,06/26/2025,Pulse Wireless Mouse,Electronics,East,Partner,1,$33.65,33.65,22.38,5
ORD-10381,04/05/2025,Halo Desk Organizer,Home & Living,West,Online,3,$19.67,59.01,35.82,4
ORD-11540,12/04/2025,Terra Ceramic Planter,Home & Living,North,Online,3,$28.84,86.52,48.09,5
ORD-10999,08/26/2025,Zephyr Standing Desk,Furniture,West,Retail,3,$441.12,1323.36,838.18,4
ORD-11597,12/12/2025,Echo Mechanical Keyboard,Electronics,West,Online,1,$85.76,85.76,50.59,5
ORD-11897,02/04/2026,Cove Bookshelf,Furniture,North,Online,1,$127.41,127.41,90.93,3
ORD-10770,07/06/2025,Aurora Desk Lamp,Home & Living,West,Online,1,$39.00,39.0,26.94,4
ORD-10791,07/10/2025,Terra Ceramic Planter,Home & Living,East,Online,3,$28.80,86.4,64.14,5
ORD-12290,04/21/2026,Zephyr Standing Desk,Furniture,North,Online,5,$426.76,2133.8,1200.44,1
ORD-11762,01/08/2026,Halo Desk Organizer,Home & Living,West,Online,3,$17.78,53.34,30.35,5
ORD-10177,02/18/2025,"Vista Monitor 27""",Electronics,East,Retail,3,$277.39,832.17,551.52,5
ORD-12005,02/23/2026,Cove Bookshelf,Furniture,North,Partner,1,$137.92,137.92,88.35,4
ORD-11364,11/09/2025,Pulse Wireless Mouse,Electronics,West,Online,2,$32.33,64.66,48.3,5
ORD-12056,03/06/2026,"Vista Monitor 27""",Electronics,West,Partner,2,$277.37,554.74,412.34,5
ORD-10598,05/28/2025,Cove Bookshelf,Furniture,North,Retail,2,$124.59,249.18,185.07,3
ORD-12564,06/10/2026,Pulse Wireless Mouse,Electronics,North,Online,3,$32.91,98.73,57.8,1
ORD-10752,07/01/2025,Halo Desk Organizer,Home & Living,East,Online,1,$18.22,18.22,10.28,5
ORD-10186,02/20/2025,Zephyr Standing Desk,Furniture,West,Retail,1,$423.24,423.24,262.39,5
ORD-10882,07/31/2025,Echo Mechanical Keyboard,Electronics,West,Online,3,$83.24,249.72,166.32,5
ORD-12397,05/11/2026,Echo Mechanical Keyboard,Electronics,North,Retail,1,$86.35,86.35,58.89,5
ORD-11116,09/21/2025,Zephyr Standing Desk,Furniture,North,Retail,1,$420.57,420.57,277.82,5
ORD-10684,06/15/2025,Halo Desk Organizer,Home & Living,North,Online,2,$19.75,39.5,26.06,5
ORD-11284,10/25/2025,Halo Desk Organizer,Home & Living,North,Online,2,$17.78,35.56,22.29,1
ORD-10015,01/05/2025,Cove Bookshelf,Furniture,West,Retail,2,$123.87,247.74,163.67,2
ORD-11772,01/10/2026,Zephyr Standing Desk,Furniture,East,Retail,1,$454.88,454.88,332.87,5
ORD-10124,02/04/2025,Nimbus Office Chair,Furniture,South,Retail,1,$193.04,193.04,139.86,1
ORD-11268,10/21/2025,Cove Bookshelf,Furniture,North,Retail,1,$137.90,137.9,89.74,3
ORD-10496,05/04/2025,Halo Desk Organizer,Home & Living,West,Online,1,$19.61,19.61,12.43,5
ORD-10724,06/25/2025,"Vista Monitor 27""",Electronics,East,Online,3,$276.93,830.79,530.36,5
ORD-10429,04/16/2025,Aurora Desk Lamp,Home & Living,West,Partner,3,$44.80,134.4,94.73,2
ORD-10503,05/05/2025,Zephyr Standing Desk,Furniture,West,Online,1,$436.69,436.69,318.31,2
ORD-11164,10/02/2025,Zephyr Standing Desk,Furniture,East,Partner,2,$462.01,924.02,555.2,3
ORD-10822,07/18/2025,Halo Desk Organizer,Home & Living,East,Online,3,$19.93,59.79,42.12,4
ORD-11961,02/16/2026,Aurora Desk Lamp,Home & Living,West,Online,2,$43.11,86.22,55.11,4
ORD-11476,11/26/2025,Pulse Wireless Mouse,Electronics,East,Online,2,$32.44,64.88,40.22,4
ORD-11044,09/05/2025,Aurora Desk Lamp,Home & Living,North,Online,2,$42.77,85.54,52.61,5
ORD-10715,06/23/2025,Lumen LED Strip,Electronics,South,Online,1,$23.25,23.25,16.64,5
ORD-11577,12/09/2025,Terra Ceramic Planter,Home & Living,East,Online,3,$28.74,86.22,53.06,5
ORD-10445,04/20/2025,Lumen LED Strip,Electronics,East,Online,2,$24.53,49.06,36.57,5
ORD-10162,02/15/2025,Halo Desk Organizer,Home & Living,North,Online,1,$20.30,20.3,14.53,4
ORD-10901,08/04/2025,Nimbus Office Chair,Furniture,West,Partner,2,$194.90,389.8,290.6,3
ORD-12187,04/01/2026,Echo Mechanical Keyboard,Electronics,West,Online,2,$87.98,175.96,130.78,2
ORD-12355,05/03/2026,Halo Desk Organizer,Home & Living,West,Online,3,$20.51,61.53,34.65,5
ORD-12575,06/12/2026,"Vista Monitor 27""",Electronics,North,Online,1,$285.72,285.72,195.93,3
ORD-10422,04/14/2025,Pulse Wireless Mouse,Electronics,East,Retail,3,$32.53,97.59,73.03,4
ORD-11683,12/25/2025,"Vista Monitor 27""",Electronics,East,Online,1,$284.85,284.85,175.39,4
ORD-11576,12/09/2025,Zephyr Standing Desk,Furniture,West,Online,2,$413.10,826.2,467.26,5
ORD-11428,11/18/2025,Terra Ceramic Planter,Home & Living,West,Partner,1,$27.55,27.55,20.13,5
ORD-10703,06/21/2025,Pulse Wireless Mouse,Electronics,West,Retail,1,$37.29,37.29,23.72,5
ORD-10143,02/10/2025,Pulse Wireless Mouse,Electronics,South,Partner,1,$32.38,32.38,20.21,4
ORD-10821,07/18/2025,Zephyr Standing Desk,Furniture,North,Online,2,$414.20,828.4,536.3,2
ORD-10424,04/15/2025,Halo Desk Organizer,Home & Living,West,Online,3,$18.56,55.68,39.97,5
ORD-11932,02/11/2026,Cove Bookshelf,Furniture,East,Online,1,$131.88,131.88,83.27,4
ORD-11464,11/24/2025,Cove Bookshelf,Furniture,South,Online,2,$137.91,275.82,179.29,2
ORD-12156,03/26/2026,"Vista Monitor 27""",Electronics,South,Partner,1,$259.05,259.05,153.25,5
ORD-10614,05/31/2025,Pulse Wireless Mouse,Electronics,North,Retail,1,$37.33,37.33,22.62,1
ORD-10278,03/12/2025,Lumen LED Strip,Electronics,North,Online,1,$23.34,23.34,15.27,
ORD-10125,02/04/2025,Aurora Desk Lamp,Home & Living,South,Online,2,$40.82,81.64,45.82,4
ORD-11611,12/15/2025,Lumen LED Strip,Electronics,East,Online,2,$25.37,50.74,32.34,5
ORD-12092,03/13/2026,Aurora Desk Lamp,Home & Living,West,Retail,1,$42.34,42.34,27.87,5
ORD-12621,06/20/2026,Aurora Desk Lamp,Home & Living,North,Retail,2,$40.76,,48.43,5
ORD-10252,03/05/2025,"Vista Monitor 27""",Electronics,East,Retail,2,$264.29,528.58,357.22,3
ORD-12025,02/27/2026,Terra Ceramic Planter,Home & Living,South,Online,1,$27.26,27.26,18.33,4
ORD-11979,02/19/2026,Lumen LED Strip,Electronics,North,Retail,2,$25.03,50.06,36.45,4
ORD-10207,02/24/2025,Nimbus Office Chair,Furniture,East,Retail,2,$184.31,368.62,256.78,4
ORD-11885,02/02/2026,Nimbus Office Chair,Furniture,North,Partner,3,$188.30,564.9,343.38,4
ORD-11978,02/19/2026,Lumen LED Strip,Electronics,South,Online,1,$25.25,25.25,16.5,5
ORD-11088,09/15/2025,Aurora Desk Lamp,Home & Living,North,Online,4,$41.08,164.32,92.8,4
ORD-11414,11/16/2025,Echo Mechanical Keyboard,Electronics,West,Online,1,$88.33,88.33,61.56,5
ORD-12315,04/26/2026,Halo Desk Organizer,Home & Living,North,Online,1,$20.21,20.21,14.62,5
ORD-11176,10/04/2025,"Vista Monitor 27""",Electronics,West,Partner,1,$275.85,275.85,172.17,4
ORD-10087,01/25/2025,"Vista Monitor 27""",Electronics,West,Online,1,$285.51,285.51,185.06,4
ORD-10874,07/29/2025,Pulse Wireless Mouse,Electronics,East,Online,3,$36.87,110.61,67.56,1
ORD-11482,11/26/2025,Aurora Desk Lamp,Home & Living,East,Online,1,$45.21,45.21,31.18,2
ORD-10499,05/04/2025,"Vista Monitor 27""",Electronics,West,Retail,2,$286.66,573.32,419.31,3
ORD-12263,04/16/2026,Echo Mechanical Keyboard,Electronics,North,Partner,1,$92.17,92.17,67.88,5
ORD-10716,06/23/2025,Aurora Desk Lamp,Home & Living,South,Retail,3,$43.28,129.84,94.88,2
ORD-12537,06/06/2026,Zephyr Standing Desk,Furniture,East,Online,2,$416.72,833.44,614.6,3
ORD-11324,11/02/2025,Zephyr Standing Desk,Furniture,West,Retail,3,$468.13,1404.39,859.36,2
ORD-10276,03/11/2025,"Vista Monitor 27""",Electronics,West,Retail,3,$290.49,871.47,619.09,5
ORD-11956,02/15/2026,Terra Ceramic Planter,Home & Living,West,Online,2,$27.28,54.56,37.46,5
ORD-12342,05/02/2026,"Vista Monitor 27""",Electronics,West,Retail,2,$280.98,561.96,367.17,5
ORD-11175,10/04/2025,Cove Bookshelf,Furniture,East,Partner,2,$135.02,270.04,168.81,4
ORD-12230,04/10/2026,Lumen LED Strip,Electronics,East,Retail,1,$24.17,24.17,14.78,3
ORD-11788,01/13/2026,Pulse Wireless Mouse,Electronics,West,Partner,2,$34.05,68.1,45.22,3
ORD-10510,05/08/2025,Nimbus Office Chair,Furniture,East,Retail,1,$186.97,186.97,130.01,5
ORD-10022,01/08/2025,Lumen LED Strip,Electronics,East,Online,1,$24.82,24.82,15.63,5
ORD-11655,12/21/2025,Lumen LED Strip,Electronics,West,Online,2,$23.32,46.64,28.38,5
ORD-11198,10/08/2025,Lumen LED Strip,Electronics,West,Retail,3,$22.94,68.82,47.98,5
ORD-10494,05/03/2025,Nimbus Office Chair,Furniture,South,Online,1,$194.74,194.74,123.34,5
ORD-11807,01/17/2026,Pulse Wireless Mouse,Electronics,North,Online,3,$34.64,103.92,58.87,
ORD-10250,03/05/2025,Echo Mechanical Keyboard,Electronics,East,Retail,4,$91.48,365.92,272.97,1
ORD-10249,03/05/2025,Halo Desk Organizer,Home & Living,North,Retail,1,$19.10,19.1,13.21,4
ORD-11621,12/16/2025,Zephyr Standing Desk,Furniture,East,Partner,1,$440.67,440.67,282.44,5
ORD-11529,12/03/2025,Nimbus Office Chair,Furniture,North,Retail,2,$183.77,367.54,239.42,5
ORD-12196,04/03/2026,Halo Desk Organizer,Home & Living,East,Online,1,$19.68,19.68,11.03,1
ORD-10809,07/15/2025,Cove Bookshelf,Furniture,West,Retail,3,$122.62,367.86,253.52,
ORD-12591,06/14/2026,Lumen LED Strip,Electronics,North,Retail,1,$23.97,23.97,13.93,5
ORD-12303,04/23/2026,"Vista Monitor 27""",Electronics,North,Partner,1,$266.45,266.45,189.62,5
ORD-11908,02/06/2026,"Vista Monitor 27""",Electronics,North,Online,1,$258.57,258.57,153.54,
ORD-10653,06/08/2025,Halo Desk Organizer,Home & Living,East,Online,2,$19.86,39.72,25.62,2
ORD-11992,02/21/2026,Zephyr Standing Desk,Furniture,East,Online,3,$483.39,1450.17,875.82,5
ORD-12504,05/31/2026,Lumen LED Strip,Electronics,North,Retail,1,$25.80,25.8,18.18,5
ORD-10025,01/08/2025,Pulse Wireless Mouse,Electronics,East,Online,1,$32.94,32.94,24.28,5
ORD-11534,12/04/2025,Terra Ceramic Planter,Home & Living,North,Online,2,$26.06,52.12,34.48,5
ORD-10952,08/16/2025,Zephyr Standing Desk,Furniture,East,Online,4,$481.13,1924.52,1103.65,5
ORD-11479,11/26/2025,Cove Bookshelf,Furniture,East,Online,1,$129.55,129.55,78.18,1
ORD-11546,12/05/2025,Cove Bookshelf,Furniture,North,Retail,2,$129.74,259.48,187.33,4
ORD-12584,06/13/2026,Echo Mechanical Keyboard,Electronics,East,Retail,1,$92.92,92.92,54.38,3
ORD-11696,12/27/2025,Halo Desk Organizer,Home & Living,East,Partner,1,$17.62,,12.01,5
ORD-11103,09/19/2025,"Vista Monitor 27""",Electronics,West,Online,2,$272.71,545.42,308.97,2
ORD-11034,09/03/2025,Pulse Wireless Mouse,Electronics,West,Online,1,$35.37,35.37,25.82,5
ORD-12482,05/27/2026,Zephyr Standing Desk,Furniture,East,Online,1,$455.84,455.84,276.15,2
ORD-12624,06/21/2026,Halo Desk Organizer,Home & Living,East,Online,1,$18.60,18.6,10.64,4
ORD-11346,11/06/2025,Aurora Desk Lamp,Home & Living,West,Online,2,$40.67,81.34,49.73,5
ORD-11287,10/26/2025,Zephyr Standing Desk,Furniture,North,Online,1,$435.16,435.16,281.02,4
ORD-10184,02/19/2025,Echo Mechanical Keyboard,Electronics,South,Online,2,$87.19,174.38,105.78,5
ORD-12305,04/24/2026,"Vista Monitor 27""",Electronics,East,Online,3,$283.63,850.89,612.29,5
ORD-12121,03/19/2026,Cove Bookshelf,Furniture,West,Online,3,$125.56,376.68,224.32,2
ORD-10453,04/22/2025,Lumen LED Strip,Electronics,West,Partner,3,$25.28,75.84,45.62,2
ORD-12467,05/25/2026,Echo Mechanical Keyboard,Electronics,North,Online,2,$93.60,187.2,115.94,1
ORD-11199,10/08/2025,Terra Ceramic Planter,Home & Living,West,Online,1,$27.10,,19.32,1
ORD-10867,07/27/2025,Cove Bookshelf,Furniture,North,Retail,1,$131.13,131.13,85.54,5
ORD-12252,04/14/2026,"Vista Monitor 27""",Electronics,East,Online,2,$286.00,572.0,317.6,2
ORD-11148,09/29/2025,Aurora Desk Lamp,Home & Living,East,Online,2,$42.14,84.28,62.83,1
ORD-12078,03/09/2026,Lumen LED Strip,Electronics,West,Retail,1,$22.15,22.15,16.23,2
ORD-10647,06/06/2025,Nimbus Office Chair,Furniture,West,Online,1,$190.31,190.31,111.58,5
ORD-10759,07/02/2025,Nimbus Office Chair,Furniture,South,Online,3,$188.25,564.75,350.31,4
ORD-11964,02/17/2026,Nimbus Office Chair,Furniture,West,Online,1,$189.92,189.92,115.98,4
ORD-12213,04/06/2026,Echo Mechanical Keyboard,Electronics,West,Online,2,$90.02,,134.33,
ORD-10959,08/16/2025,Aurora Desk Lamp,Home & Living,East,Online,3,$41.20,123.6,92.14,5
ORD-11859,01/28/2026,Nimbus Office Chair,Furniture,West,Partner,2,$183.95,367.9,204.65,1
ORD-10216,02/27/2025,Echo Mechanical Keyboard,Electronics,East,Retail,2,$90.64,181.28,115.47,1
ORD-12334,04/30/2026,Terra Ceramic Planter,Home & Living,West,Online,1,$27.61,27.61,15.9,2
ORD-11291,10/26/2025,Lumen LED Strip,Electronics,South,Retail,1,$22.47,22.47,16.65,2
ORD-11174,10/04/2025,Nimbus Office Chair,Furniture,West,Online,3,$202.77,608.31,415.51,4
ORD-11475,11/25/2025,Aurora Desk Lamp,Home & Living,East,Retail,3,$45.30,135.9,75.15,2
ORD-11345,11/06/2025,Halo Desk Organizer,Home & Living,East,Online,1,$20.38,20.38,15.17,4
ORD-12053,03/05/2026,Echo Mechanical Keyboard,Electronics,East,Online,2,$91.67,183.34,122.08,2
ORD-12327,04/29/2026,Zephyr Standing Desk,Furniture,West,Online,4,$426.99,1707.96,1228.66,5
ORD-11512,11/30/2025,Zephyr Standing Desk,Furniture,West,Partner,1,$454.46,454.46,307.45,5
ORD-10047,01/13/2025,Aurora Desk Lamp,Home & Living,West,Online,1,$39.85,39.85,29.29,4
ORD-10024,01/08/2025,Aurora Desk Lamp,Home & Living,West,Online,2,$40.18,80.36,58.75,4
ORD-11181,10/05/2025,Aurora Desk Lamp,Home & Living,East,Online,1,$45.16,45.16,31.48,5
ORD-10690,06/17/2025,Halo Desk Organizer,Home & Living,West,Online,1,$20.30,20.3,14.69,2
ORD-10564,05/20/2025,"Vista Monitor 27""",Electronics,South,Retail,4,$277.34,1109.36,689.74,3
ORD-10164,02/15/2025,Nimbus Office Chair,Furniture,South,Online,2,$196.44,392.88,232.99,4
ORD-11715,12/30/2025,Zephyr Standing Desk,Furniture,North,Partner,4,$421.92,1687.68,1248.21,4
ORD-11007,08/28/2025,Aurora Desk Lamp,Home & Living,South,Retail,1,$39.43,39.43,23.31,5
ORD-11798,01/15/2026,Zephyr Standing Desk,Furniture,North,Retail,1,$451.53,451.53,336.46,3
ORD-12112,03/17/2026,"Vista Monitor 27""",Electronics,North,Online,2,$294.15,588.3,436.93,5
ORD-12207,04/05/2026,Lumen LED Strip,Electronics,West,Online,1,$25.57,25.57,17.39,5
ORD-11700,12/28/2025,Pulse Wireless Mouse,Electronics,East,Online,1,$35.32,35.32,25.2,2
ORD-11739,01/03/2026,Nimbus Office Chair,Furniture,West,Online,2,$189.44,378.88,233.95,4
ORD-12391,05/10/2026,"Vista Monitor 27""",Electronics,West,Retail,1,$290.41,290.41,187.85,5
ORD-12236,04/11/2026,Echo Mechanical Keyboard,Electronics,East,Retail,1,$92.34,92.34,59.86,4
ORD-10890,08/02/2025,"Vista Monitor 27""",Electronics,North,Retail,1,$261.99,261.99,157.35,2
ORD-11541,12/05/2025,Pulse Wireless Mouse,Electronics,West,Online,2,$35.98,71.96,45.5,4
ORD-11800,01/15/2026,Aurora Desk Lamp,Home & Living,West,Retail,2,$42.82,,63.12,2
ORD-11030,09/02/2025,Cove Bookshelf,Furniture,North,Retail,1,$131.10,131.1,82.82,1
ORD-11082,09/14/2025,Halo Desk Organizer,Home & Living,East,Online,1,$17.50,17.5,11.68,5
ORD-11813,01/18/2026,Halo Desk Organizer,Home & Living,West,Online,3,$19.43,58.29,32.24,2
ORD-10061,01/17/2025,Lumen LED Strip,Electronics,South,Online,2,$24.84,49.68,31.14,1
ORD-11950,02/15/2026,Halo Desk Organizer,Home & Living,West,Online,2,$18.42,36.84,25.99,5
ORD-11905,02/05/2026,Echo Mechanical Keyboard,Electronics,West,Online,2,$86.70,173.4,109.68,5
ORD-11488,11/27/2025,Nimbus Office Chair,Furniture,West,Online,1,$202.08,202.08,122.76,5
ORD-12021,02/27/2026,Pulse Wireless Mouse,Electronics,West,Partner,1,$34.29,34.29,21.26,5
ORD-10170,02/17/2025,Cove Bookshelf,Furniture,North,Partner,2,$135.88,271.76,193.29,1
ORD-10215,02/26/2025,Pulse Wireless Mouse,Electronics,North,Online,3,$34.70,104.1,72.2,5
ORD-12473,05/26/2026,Zephyr Standing Desk,Furniture,South,Online,3,$424.64,1273.92,767.36,5
ORD-10802,07/13/2025,Cove Bookshelf,Furniture,East,Partner,1,$134.55,134.55,79.88,4
ORD-11072,09/12/2025,"Vista Monitor 27""",Electronics,West,Partner,2,$259.11,518.22,319.6,5
ORD-10328,03/23/2025,Terra Ceramic Planter,Home & Living,South,Partner,1,$27.10,27.1,19.15,5
ORD-11558,12/06/2025,Lumen LED Strip,Electronics,West,Online,3,$22.40,67.2,42.38,5
ORD-11828,01/21/2026,Halo Desk Organizer,Home & Living,North,Partner,3,$19.09,57.27,37.88,1
ORD-12012,02/25/2026,Lumen LED Strip,Electronics,East,Online,1,$24.82,24.82,14.46,5
ORD-10423,04/14/2025,Zephyr Standing Desk,Furniture,West,Online,3,$432.23,1296.69,924.87,4
ORD-12569,06/11/2026,Aurora Desk Lamp,Home & Living,East,Retail,3,$45.34,136.02,100.75,4
ORD-10545,05/15/2025,Nimbus Office Chair,Furniture,North,Partner,3,$185.55,556.65,366.3,4
ORD-11618,12/16/2025,Nimbus Office Chair,Furniture,South,Online,2,$184.15,368.3,250.74,5
ORD-11155,09/30/2025,Terra Ceramic Planter,Home & Living,East,Retail,2,$26.51,53.02,33.84,3
ORD-11661,12/22/2025,Terra Ceramic Planter,Home & Living,North,Online,1,$28.67,28.67,18.23,4
ORD-10674,06/13/2025,Halo Desk Organizer,Home & Living,West,Online,1,$17.53,17.53,10.12,4
ORD-10538,05/14/2025,Terra Ceramic Planter,Home & Living,North,Retail,3,$27.01,81.03,48.85,1
ORD-11935,02/11/2026,Cove Bookshelf,Furniture,North,Online,1,$136.47,136.47,79.54,3
ORD-12323,04/28/2026,Lumen LED Strip,Electronics,South,Online,2,$22.22,44.44,29.52,5
ORD-11929,02/10/2026,Lumen LED Strip,Electronics,West,Retail,2,$22.09,44.18,30.04,5
ORD-11538,12/04/2025,"Vista Monitor 27""",Electronics,North,Online,1,$271.21,271.21,185.1,4
ORD-11737,01/02/2026,Zephyr Standing Desk,Furniture,East,Partner,1,$441.58,441.58,243.9,4
ORD-10030,01/09/2025,Zephyr Standing Desk,Furniture,North,Online,1,$475.20,475.2,347.13,5
ORD-10947,08/15/2025,Zephyr Standing Desk,Furniture,West,Retail,2,$431.01,862.02,597.13,3
ORD-10168,02/16/2025,Aurora Desk Lamp,Home & Living,West,Retail,2,$39.01,78.02,46.1,4
ORD-10926,08/10/2025,Pulse Wireless Mouse,Electronics,East,Retail,1,$37.45,37.45,24.59,5
ORD-11247,10/18/2025,Cove Bookshelf,Furniture,South,Retail,2,$135.43,270.86,154.86,3
ORD-11310,10/31/2025,Terra Ceramic Planter,Home & Living,North,Retail,1,$30.14,30.14,17.33,4
ORD-10385,04/05/2025,Nimbus Office Chair,Furniture,North,Online,1,$174.38,174.38,98.26,1
ORD-12128,03/20/2026,Echo Mechanical Keyboard,Electronics,North,Retail,3,$83.31,249.93,162.64,1
ORD-11942,02/13/2026,Pulse Wireless Mouse,Electronics,North,Retail,2,$36.82,73.64,48.48,1
ORD-12618,06/20/2026,Aurora Desk Lamp,Home & Living,South,Online,2,$39.58,79.16,58.87,5
ORD-10282,03/13/2025,"Vista Monitor 27""",Electronics,West,Retail,1,$258.10,258.1,163.06,5
ORD-11680,12/25/2025,Lumen LED Strip,Electronics,East,Retail,1,$23.91,23.91,13.63,4
ORD-10152,02/12/2025,Terra Ceramic Planter,Home & Living,North,Retail,1,$29.84,29.84,16.85,2
ORD-11293,10/27/2025,Zephyr Standing Desk,Furniture,West,Online,1,$461.02,461.02,281.37,2
ORD-11357,11/08/2025,Terra Ceramic Planter,Home & Living,East,Online,2,$29.47,58.94,41.86,5
ORD-11353,11/07/2025,"Vista Monitor 27""",Electronics,East,Retail,4,$275.11,1100.44,785.81,
ORD-12231,04/10/2026,Halo Desk Organizer,Home & Living,South,Online,2,$18.46,36.92,21.35,2
ORD-11104,09/19/2025,Pulse Wireless Mouse,Electronics,North,Online,3,$37.39,112.17,63.9,4
ORD-11498,11/29/2025,Pulse Wireless Mouse,Electronics,North,Online,4,$36.96,147.84,97.29,2
ORD-10948,08/15/2025,Halo Desk Organizer,Home & Living,East,Online,1,$18.45,18.45,11.91,5
ORD-11196,10/08/2025,Halo Desk Organizer,Home & Living,West,Retail,1,$19.57,19.57,11.83,4
ORD-11527,12/03/2025,Nimbus Office Chair,Furniture,North,Partner,4,$195.54,782.16,573.98,5
ORD-10904,08/05/2025,Echo Mechanical Keyboard,Electronics,North,Retail,1,$87.64,87.64,56.69,2
ORD-10147,02/11/2025,Echo Mechanical Keyboard,Electronics,West,Partner,2,$90.37,180.74,109.43,5
ORD-12018,02/26/2026,Lumen LED Strip,Electronics,North,Partner,2,$23.75,47.5,32.19,3
ORD-10367,04/01/2025,Aurora Desk Lamp,Home & Living,North,Partner,3,$44.48,133.44,96.0,4
ORD-10106,01/31/2025,Pulse Wireless Mouse,Electronics,North,Online,2,$35.75,71.5,46.36,4
ORD-11820,01/20/2026,Cove Bookshelf,Furniture,West,Online,1,$123.97,123.97,85.07,5
ORD-11726,12/31/2025,Echo Mechanical Keyboard,Electronics,South,Retail,2,$84.19,168.38,109.36,4
ORD-10228,03/02/2025,Zephyr Standing Desk,Furniture,South,Partner,3,$445.41,1336.23,916.68,5
ORD-11520,12/02/2025,Lumen LED Strip,Electronics,East,Partner,4,$23.22,92.88,57.42,5
ORD-12507,06/01/2026,Halo Desk Organizer,Home & Living,East,Online,2,$19.35,38.7,22.63,4
ORD-10259,03/07/2025,Pulse Wireless Mouse,Electronics,West,Partner,3,$34.33,102.99,76.83,3
ORD-11065,09/10/2025,Lumen LED Strip,Electronics,North,Retail,1,$25.46,25.46,17.71,1
ORD-12510,06/01/2026,Aurora Desk Lamp,Home & Living,West,Partner,3,$41.59,124.77,75.18,5
ORD-10714,06/22/2025,Aurora Desk Lamp,Home & Living,North,Online,2,$42.25,84.5,63.1,1
ORD-11925,02/09/2026,Nimbus Office Chair,Furniture,West,Retail,1,$176.48,176.48,105.35,5
ORD-11455,11/22/2025,Nimbus Office Chair,Furniture,South,Online,2,$175.01,350.02,245.01,1
ORD-11301,10/29/2025,Zephyr Standing Desk,Furniture,West,Retail,2,$438.18,876.36,630.76,4
ORD-10673,06/13/2025,Cove Bookshelf,Furniture,South,Retail,2,$138.53,277.06,177.18,4
ORD-11005,08/28/2025,Cove Bookshelf,Furniture,West,Partner,1,$119.72,119.72,88.5,2
ORD-11588,12/11/2025,Aurora Desk Lamp,Home & Living,North,Partner,1,$40.75,40.75,29.4,5
ORD-12233,04/11/2026,Cove Bookshelf,Furniture,East,Online,2,$128.24,256.48,181.64,3
ORD-12124,03/20/2026,Pulse Wireless Mouse,Electronics,North,Online,2,$32.27,64.54,43.08,5
ORD-11150,09/29/2025,Lumen LED Strip,Electronics,South,Online,1,$24.41,24.41,15.29,
ORD-10350,03/28/2025,Echo Mechanical Keyboard,Electronics,West,Partner,1,$84.34,84.34,57.75,5
ORD-11944,02/14/2026,Terra Ceramic Planter,Home & Living,North,Retail,2,$29.99,59.98,40.93,4
ORD-10760,07/03/2025,Nimbus Office Chair,Furniture,North,Retail,1,$186.15,186.15,128.97,2
ORD-11615,12/15/2025,Halo Desk Organizer,Home & Living,East,Retail,1,$18.68,18.68,10.54,5
ORD-10938,08/13/2025,Echo Mechanical Keyboard,Electronics,West,Online,1,$85.39,85.39,51.71,5
ORD-11484,11/27/2025,Halo Desk Organizer,Home & Living,North,Online,1,$18.64,18.64,11.91,5
ORD-11975,02/18/2026,Halo Desk Organizer,Home & Living,East,Online,1,$19.32,19.32,13.18,2
ORD-11373,11/09/2025,Terra Ceramic Planter,Home & Living,North,Online,2,$28.06,56.12,35.35,4
ORD-11720,12/31/2025,Terra Ceramic Planter,Home & Living,West,Online,1,$27.35,27.35,20.22,4
ORD-12615,06/19/2026,Pulse Wireless Mouse,Electronics,East,Retail,1,$33.25,33.25,24.63,4
ORD-11269,10/22/2025,Aurora Desk Lamp,Home & Living,West,Online,5,$43.98,219.9,151.46,5
ORD-11945,02/14/2026,Terra Ceramic Planter,Home & Living,East,Retail,1,$28.53,28.53,20.94,5
ORD-11059,09/09/2025,Echo Mechanical Keyboard,Electronics,West,Retail,3,$90.44,271.32,170.21,
ORD-12452,05/22/2026,Terra Ceramic Planter,Home & Living,South,Partner,2,$29.81,59.62,37.48,2
ORD-11054,09/07/2025,Zephyr Standing Desk,Furniture,West,Online,1,$465.17,465.17,348.77,5
ORD-11508,11/30/2025,Lumen LED Strip,Electronics,North,Online,2,$23.83,47.66,33.34,5
ORD-10568,05/21/2025,Echo Mechanical Keyboard,Electronics,North,Online,1,$90.28,90.28,65.13,2
ORD-10799,07/12/2025,Pulse Wireless Mouse,Electronics,East,Retail,1,$36.51,36.51,25.14,4
ORD-10604,05/28/2025,Aurora Desk Lamp,Home & Living,North,Online,4,$40.39,161.56,102.01,4
ORD-12300,04/23/2026,Terra Ceramic Planter,Home & Living,East,Retail,3,$29.34,88.02,59.98,4
ORD-12410,05/14/2026,Zephyr Standing Desk,Furniture,West,Online,2,$467.82,935.64,599.17,5
ORD-10589,05/26/2025,Zephyr Standing Desk,Furniture,East,Online,2,$478.46,956.92,542.35,4
ORD-10595,05/27/2025,Zephyr Standing Desk,Furniture,West,Retail,3,$420.28,1260.84,821.65,5
ORD-12132,03/21/2026,Aurora Desk Lamp,Home & Living,West,Online,4,$40.01,160.04,108.1,
ORD-12077,03/09/2026,Halo Desk Organizer,Home & Living,West,Online,1,$18.33,18.33,10.39,5
ORD-12500,05/30/2026,Echo Mechanical Keyboard,Electronics,East,Retail,3,$91.65,274.95,165.5,1
ORD-11218,10/12/2025,"Vista Monitor 27""",Electronics,West,Retail,2,$270.65,541.3,396.32,5
ORD-12366,05/05/2026,"Vista Monitor 27""",Electronics,North,Online,3,$296.89,890.67,649.73,1
ORD-12453,05/22/2026,Lumen LED Strip,Electronics,South,Online,2,$25.87,51.74,28.47,5
ORD-11443,11/20/2025,Zephyr Standing Desk,Furniture,East,Online,3,$430.37,1291.11,842.19,5
ORD-12111,03/17/2026,"Vista Monitor 27""",Electronics,East,Online,1,$291.75,291.75,191.36,4
ORD-12052,03/05/2026,Nimbus Office Chair,Furniture,North,Retail,4,$178.35,713.4,534.8,4
ORD-10698,06/19/2025,Aurora Desk Lamp,Home & Living,East,Online,1,$40.97,40.97,25.42,5
ORD-11452,11/22/2025,Halo Desk Organizer,Home & Living,East,Online,1,$20.38,20.38,12.63,1
ORD-11401,11/14/2025,Nimbus Office Chair,Furniture,North,Retail,2,$200.92,401.84,236.04,5
ORD-11706,12/29/2025,Nimbus Office Chair,Furniture,West,Retail,1,$199.47,199.47,113.21,4
ORD-12533,06/05/2026,Zephyr Standing Desk,Furniture,North,Online,1,$413.17,413.17,241.92,3
ORD-11089,09/16/2025,Echo Mechanical Keyboard,Electronics,North,Online,2,$82.51,165.02,91.74,4
ORD-12468,05/25/2026,Echo Mechanical Keyboard,Electronics,North,Retail,2,$88.08,176.16,114.71,3
ORD-11183,10/05/2025,Nimbus Office Chair,Furniture,East,Retail,2,$179.78,359.56,208.05,5
ORD-10467,04/26/2025,Echo Mechanical Keyboard,Electronics,North,Online,3,$92.55,277.65,190.96,3
ORD-11875,02/01/2026,Nimbus Office Chair,Furniture,South,Partner,1,$194.26,194.26,141.76,2
ORD-10697,06/19/2025,"Vista Monitor 27""",Electronics,South,Online,1,$258.45,258.45,189.82,3
ORD-11997,02/22/2026,Echo Mechanical Keyboard,Electronics,East,Online,1,$90.65,90.65,65.05,2
ORD-11220,10/13/2025,Zephyr Standing Desk,Furniture,South,Online,1,$456.34,456.34,270.7,5
ORD-11091,09/17/2025,Zephyr Standing Desk,Furniture,South,Online,1,$421.05,421.05,310.41,4
ORD-10099,01/29/2025,"Vista Monitor 27""",Electronics,East,Retail,2,$269.68,539.36,321.62,5
ORD-11936,02/12/2026,Zephyr Standing Desk,Furniture,West,Retail,1,$474.22,474.22,315.23,5
ORD-11916,02/07/2026,Lumen LED Strip,Electronics,North,Retail,2,$23.23,46.46,31.96,4
ORD-12143,03/24/2026,Pulse Wireless Mouse,Electronics,East,Retail,1,$36.84,36.84,20.59,3
ORD-12152,03/25/2026,Echo Mechanical Keyboard,Electronics,East,Online,1,$88.07,88.07,48.9,4
ORD-11619,12/16/2025,"Vista Monitor 27""",Electronics,East,Retail,5,$275.51,1377.55,802.71,5
ORD-12442,05/20/2026,Aurora Desk Lamp,Home & Living,North,Online,1,$40.07,40.07,23.21,3
ORD-12050,03/04/2026,Echo Mechanical Keyboard,Electronics,East,Retail,3,$95.43,286.29,175.0,5
ORD-11809,01/17/2026,Cove Bookshelf,Furniture,West,Retail,2,$120.52,241.04,175.58,3
ORD-12321,04/28/2026,Terra Ceramic Planter,Home & Living,North,Online,2,$27.56,55.12,31.74,1
ORD-10108,01/31/2025,Terra Ceramic Planter,Home & Living,South,Partner,2,$27.80,55.6,34.08,5
ORD-12595,06/15/2026,Zephyr Standing Desk,Furniture,East,Retail,3,$481.49,1444.47,1060.14,5
ORD-10537,05/14/2025,Pulse Wireless Mouse,Electronics,East,Online,1,$32.62,32.62,24.22,1
ORD-10881,07/30/2025,Halo Desk Organizer,Home & Living,West,Retail,3,$19.77,59.31,39.07,4
ORD-11626,12/17/2025,Nimbus Office Chair,Furniture,South,Online,2,$175.39,350.78,234.98,4
ORD-11289,10/26/2025,Aurora Desk Lamp,Home & Living,South,Online,3,$44.77,134.31,74.52,4
ORD-10771,07/06/2025,Aurora Desk Lamp,Home & Living,South,Online,3,$40.22,120.66,83.31,5
ORD-10527,05/11/2025,Echo Mechanical Keyboard,Electronics,East,Online,2,$92.02,184.04,135.66,5
ORD-11179,10/04/2025,Cove Bookshelf,Furniture,West,Online,2,$124.45,248.9,171.7,5
ORD-12212,04/06/2026,Cove Bookshelf,Furniture,North,Online,1,$132.55,132.55,91.08,5
ORD-11204,10/09/2025,Echo Mechanical Keyboard,Electronics,East,Partner,1,$92.22,92.22,61.34,3
ORD-10280,03/12/2025,Terra Ceramic Planter,Home & Living,East,Online,1,$27.83,27.83,19.8,1
ORD-10812,07/16/2025,"Vista Monitor 27""",Electronics,East,Online,2,$271.83,543.66,335.73,4
ORD-11667,12/23/2025,Pulse Wireless Mouse,Electronics,North,Retail,2,$33.06,66.12,47.01,5
ORD-12325,04/28/2026,Zephyr Standing Desk,Furniture,West,Retail,1,$420.30,420.3,255.08,5
ORD-10460,04/24/2025,Pulse Wireless Mouse,Electronics,East,Partner,2,$36.92,73.84,53.29,4
ORD-12316,04/26/2026,Zephyr Standing Desk,Furniture,North,Online,2,$455.24,910.48,564.18,5
ORD-10134,02/07/2025,Pulse Wireless Mouse,Electronics,North,Retail,1,$34.03,34.03,21.54,
ORD-12129,03/21/2026,Echo Mechanical Keyboard,Electronics,North,Retail,2,$92.61,185.22,122.48,5
ORD-10815,07/17/2025,Lumen LED Strip,Electronics,South,Retail,1,$22.74,22.74,12.73,
ORD-11657,12/21/2025,Halo Desk Organizer,Home & Living,West,Online,3,$20.03,60.09,43.53,2
ORD-12431,05/17/2026,Nimbus Office Chair,Furniture,West,Partner,2,$179.09,358.18,215.2,4
ORD-10333,03/25/2025,Lumen LED Strip,Electronics,West,Online,1,$24.70,24.7,16.3,4
ORD-10776,07/07/2025,Zephyr Standing Desk,Furniture,East,Retail,1,$443.60,443.6,244.64,5
ORD-11521,12/02/2025,Cove Bookshelf,Furniture,North,Online,2,$125.34,250.68,153.85,4
ORD-10907,08/06/2025,Halo Desk Organizer,Home & Living,East,Online,1,$19.49,19.49,12.75,4
ORD-10982,08/21/2025,Aurora Desk Lamp,Home & Living,South,Online,1,$42.09,42.09,27.45,5
ORD-11506,11/30/2025,Nimbus Office Chair,Furniture,North,Online,1,$199.51,199.51,130.79,5
ORD-10180,02/18/2025,Echo Mechanical Keyboard,Electronics,East,Online,2,$94.19,188.38,135.83,5
ORD-11017,08/30/2025,"Vista Monitor 27""",Electronics,South,Online,1,$284.55,284.55,191.68,5
ORD-10782,07/08/2025,Pulse Wireless Mouse,Electronics,West,Online,3,$35.55,106.65,65.14,5
ORD-11781,01/11/2026,Nimbus Office Chair,Furniture,North,Online,2,$199.88,399.76,298.72,3
ORD-12180,03/31/2026,Pulse Wireless Mouse,Electronics,West,Partner,1,$35.54,35.54,26.37,5
ORD-10600,05/28/2025,Cove Bookshelf,Furniture,North,Online,2,$129.33,258.66,154.25,4
ORD-12255,04/14/2026,Zephyr Standing Desk,Furniture,East,Retail,2,$436.08,872.16,580.3,5
ORD-10980,08/21/2025,Cove Bookshelf,Furniture,West,Online,1,$124.68,124.68,79.48,3
ORD-12100,03/15/2026,"Vista Monitor 27""",Electronics,North,Online,1,$266.10,266.1,181.85,4
ORD-10871,07/27/2025,Zephyr Standing Desk,Furniture,West,Online,2,$423.40,846.8,517.1,4
ORD-12405,05/12/2026,Echo Mechanical Keyboard,Electronics,West,Online,2,$87.91,175.82,109.51,1
ORD-10220,02/27/2025,Cove Bookshelf,Furniture,North,Partner,2,$126.25,252.5,154.75,1
ORD-11769,01/09/2026,"Vista Monitor 27""",Electronics,West,Online,2,$284.20,568.4,396.73,4
ORD-11157,10/01/2025,Halo Desk Organizer,Home & Living,South,Online,1,$18.01,18.01,11.28,5
ORD-11844,01/25/2026,Halo Desk Organizer,Home & Living,South,Online,3,$19.86,59.58,35.13,3
ORD-12336,05/01/2026,Aurora Desk Lamp,Home & Living,East,Partner,4,$40.32,161.28,92.73,5
ORD-10103,01/30/2025,Terra Ceramic Planter,Home & Living,North,Online,3,$27.97,83.91,47.5,4
ORD-11049,09/06/2025,Terra Ceramic Planter,Home & Living,East,Retail,1,$27.76,27.76,19.97,3
ORD-11607,12/14/2025,Cove Bookshelf,Furniture,East,Online,3,$124.24,372.72,248.04,3
ORD-11926,02/10/2026,Halo Desk Organizer,Home & Living,North,Online,2,$18.94,37.88,26.38,5
ORD-11882,02/02/2026,Lumen LED Strip,Electronics,North,Online,2,$22.44,44.88,28.2,1
ORD-10989,08/23/2025,Nimbus Office Chair,Furniture,North,Online,1,$177.66,177.66,98.21,4
ORD-10464,04/25/2025,Halo Desk Organizer,Home & Living,North,Online,2,$20.01,40.02,28.71,4
ORD-11493,11/28/2025,"Vista Monitor 27""",Electronics,East,Retail,1,$277.50,277.5,206.23,4
ORD-10671,06/12/2025,Cove Bookshelf,Furniture,South,Online,1,$139.29,139.29,88.95,4
ORD-10436,04/17/2025,Echo Mechanical Keyboard,Electronics,North,Online,1,$85.43,85.43,48.14,1
ORD-11354,11/08/2025,Cove Bookshelf,Furniture,North,Retail,1,$124.53,124.53,90.4,5
ORD-12154,03/26/2026,Halo Desk Organizer,Home & Living,West,Online,3,$17.85,53.55,33.88,4
ORD-12622,06/21/2026,Pulse Wireless Mouse,Electronics,North,Retail,1,$37.59,37.59,23.99,4
ORD-12393,05/10/2026,Terra Ceramic Planter,Home & Living,North,Online,1,$27.83,27.83,18.37,4
ORD-10627,06/02/2025,Zephyr Standing Desk,Furniture,West,Online,3,$475.46,1426.38,967.25,
ORD-11417,11/16/2025,Lumen LED Strip,Electronics,West,Partner,1,$23.99,23.99,14.37,4
ORD-10912,08/07/2025,Cove Bookshelf,Furniture,East,Online,1,$128.50,128.5,92.63,5
ORD-12174,03/29/2026,Cove Bookshelf,Furniture,East,Online,5,$123.66,618.3,351.37,3
ORD-10372,04/02/2025,Zephyr Standing Desk,Furniture,North,Online,3,$475.90,1427.7,1035.54,2
ORD-10642,06/05/2025,Pulse Wireless Mouse,Electronics,North,Online,1,$34.51,34.51,24.87,5
ORD-12183,03/31/2026,Lumen LED Strip,Electronics,South,Online,1,$22.97,22.97,15.07,3
ORD-11402,11/14/2025,Echo Mechanical Keyboard,Electronics,North,Online,1,$85.66,85.66,62.99,3
ORD-10648,06/06/2025,Aurora Desk Lamp,Home & Living,South,Retail,3,$40.31,120.93,85.16,1
ORD-10377,04/04/2025,Terra Ceramic Planter,Home & Living,North,Online,2,$26.36,52.72,39.47,1
ORD-10891,08/02/2025,Nimbus Office Chair,Furniture,South,Online,2,$201.13,402.26,236.11,4
ORD-11137,09/26/2025,Nimbus Office Chair,Furniture,North,Online,2,$197.98,395.96,283.54,5
ORD-11695,12/27/2025,"Vista Monitor 27""",Electronics,North,Online,4,$294.91,,674.01,5
ORD-12234,04/11/2026,Nimbus Office Chair,Furniture,North,Online,2,$174.30,348.6,202.99,5
ORD-10020,01/08/2025,Nimbus Office Chair,Furniture,North,Retail,2,$176.47,352.94,228.42,3
ORD-10403,04/10/2025,Echo Mechanical Keyboard,Electronics,North,Online,3,$93.97,281.91,196.05,4
ORD-10974,08/20/2025,Terra Ceramic Planter,Home & Living,West,Online,1,$26.90,26.9,16.09,1
ORD-11113,09/20/2025,Pulse Wireless Mouse,Electronics,West,Partner,1,$34.03,34.03,18.87,3
ORD-10983,08/21/2025,Pulse Wireless Mouse,Electronics,West,Online,1,$34.19,34.19,22.81,5
ORD-10357,03/30/2025,Cove Bookshelf,Furniture,North,Online,1,$129.22,129.22,85.87,4
ORD-11627,12/17/2025,Aurora Desk Lamp,Home & Living,South,Online,1,$42.29,42.29,24.77,4
ORD-10723,06/24/2025,"Vista Monitor 27""",Electronics,West,Retail,2,$278.89,557.78,362.41,5
ORD-12027,02/28/2026,Halo Desk Organizer,Home & Living,South,Retail,1,$17.95,17.95,12.83,4
ORD-11141,09/27/2025,Nimbus Office Chair,Furniture,West,Retail,3,$197.09,591.27,384.28,5
ORD-11872,01/31/2026,Terra Ceramic Planter,Home & Living,East,Online,1,$28.61,28.61,19.12,4
ORD-12298,04/23/2026,Halo Desk Organizer,Home & Living,West,Partner,1,$19.47,19.47,14.47,4
ORD-10359,03/30/2025,Pulse Wireless Mouse,Electronics,North,Partner,1,$37.10,37.1,20.64,2
ORD-12280,04/20/2026,Halo Desk Organizer,Home & Living,West,Online,1,$20.12,20.12,14.24,5
ORD-11096,09/17/2025,Halo Desk Organizer,Home & Living,North,Online,2,$20.17,40.34,23.88,5
ORD-12415,05/15/2026,Zephyr Standing Desk,Furniture,South,Partner,2,$454.59,909.18,660.52,1
ORD-10972,08/19/2025,Halo Desk Organizer,Home & Living,West,Retail,3,$19.70,59.1,41.18,4
ORD-11051,09/07/2025,Aurora Desk Lamp,Home & Living,North,Online,3,$42.81,128.43,87.41,5
ORD-10077,01/22/2025,Lumen LED Strip,Electronics,West,Retail,1,$23.50,23.5,15.77,3
ORD-10875,07/29/2025,Aurora Desk Lamp,Home & Living,North,Retail,2,$42.94,85.88,58.17,4
ORD-10374,04/03/2025,Nimbus Office Chair,Furniture,North,Retail,2,$188.30,376.6,217.12,1
ORD-11231,10/15/2025,Zephyr Standing Desk,Furniture,West,Retail,1,$416.88,416.88,289.77,4
ORD-11881,02/02/2026,Zephyr Standing Desk,Furniture,North,Retail,1,$469.93,469.93,320.66,3
ORD-12611,06/18/2026,"Vista Monitor 27""",Electronics,North,Retail,2,$278.58,557.16,360.36,3
ORD-11320,11/01/2025,Nimbus Office Chair,Furniture,West,Retail,2,$195.61,391.22,284.37,3
ORD-11691,12/27/2025,Echo Mechanical Keyboard,Electronics,South,Retail,2,$93.69,187.38,114.88,5
ORD-10491,05/03/2025,Echo Mechanical Keyboard,Electronics,West,Retail,1,$92.56,92.56,53.96,1
ORD-12286,04/20/2026,Cove Bookshelf,Furniture,North,Partner,1,$131.48,131.48,91.16,4
ORD-12088,03/11/2026,Pulse Wireless Mouse,Electronics,West,Partner,3,$33.77,101.31,72.94,4
ORD-10141,02/09/2025,Pulse Wireless Mouse,Electronics,South,Online,2,$33.51,67.02,44.07,5
ORD-11613,12/15/2025,Terra Ceramic Planter,Home & Living,West,Online,2,$29.48,58.96,40.76,3
ORD-12557,06/09/2026,Lumen LED Strip,Electronics,North,Online,1,$22.85,22.85,14.12,4
ORD-10171,02/17/2025,Terra Ceramic Planter,Home & Living,East,Retail,4,$29.62,118.48,78.81,5
ORD-10863,07/26/2025,Halo Desk Organizer,Home & Living,East,Partner,2,$19.51,39.02,27.7,
ORD-12320,04/28/2026,Terra Ceramic Planter,Home & Living,West,Online,1,$26.00,26.0,17.45,2
ORD-11086,09/15/2025,"Vista Monitor 27""",Electronics,North,Online,1,$266.47,266.47,146.76,5
ORD-12354,05/03/2026,Nimbus Office Chair,Furniture,East,Retail,1,$198.69,198.69,131.65,4
ORD-10400,04/10/2025,Lumen LED Strip,Electronics,East,Online,1,$23.20,23.2,16.4,4
ORD-10456,04/23/2025,Halo Desk Organizer,Home & Living,West,Retail,1,$17.78,17.78,10.15,5
ORD-10063,01/17/2025,"Vista Monitor 27""",Electronics,East,Retail,1,$262.63,262.63,168.85,4
ORD-11095,09/17/2025,Cove Bookshelf,Furniture,North,Online,1,$123.78,123.78,83.66,5
ORD-11046,09/06/2025,Halo Desk Organizer,Home & Living,North,Online,1,$19.77,19.77,12.4,5
ORD-12365,05/05/2026,Nimbus Office Chair,Furniture,East,Partner,2,$196.59,393.18,261.19,5
ORD-10474,04/28/2025,Pulse Wireless Mouse,Electronics,West,Online,1,$33.66,33.66,23.3,3
ORD-12492,05/29/2026,Aurora Desk Lamp,Home & Living,South,Retail,3,$42.63,127.89,84.17,2
ORD-12598,06/16/2026,Lumen LED Strip,Electronics,South,Retail,1,$23.51,23.51,13.16,5
ORD-10417,04/13/2025,Aurora Desk Lamp,Home & Living,South,Partner,4,$41.21,,104.73,4
ORD-11236,10/16/2025,Terra Ceramic Planter,Home & Living,East,Retail,1,$26.37,26.37,17.13,5
ORD-11846,01/25/2026,Nimbus Office Chair,Furniture,West,Online,4,$174.53,698.12,512.44,2
ORD-11736,01/02/2026,Terra Ceramic Planter,Home & Living,East,Retail,1,$30.15,30.15,16.67,4
ORD-10593,05/27/2025,Cove Bookshelf,Furniture,East,Online,1,$128.64,128.64,80.28,4
ORD-10533,05/13/2025,Lumen LED Strip,Electronics,North,Retail,1,$24.93,24.93,16.51,4
ORD-10409,04/12/2025,Zephyr Standing Desk,Furniture,West,Online,1,$421.75,421.75,262.18,5
ORD-10941,08/13/2025,Lumen LED Strip,Electronics,West,Online,3,$25.37,76.11,47.77,
ORD-11170,10/03/2025,Terra Ceramic Planter,Home & Living,East,Online,1,$26.52,26.52,16.57,3
ORD-11651,12/20/2025,Terra Ceramic Planter,Home & Living,East,Partner,1,$28.53,28.53,16.48,5
ORD-11439,11/20/2025,Aurora Desk Lamp,Home & Living,North,Partner,2,$39.99,79.98,45.06,5
ORD-10615,05/31/2025,Cove Bookshelf,Furniture,East,Online,2,$135.18,270.36,174.56,5
ORD-11190,10/07/2025,Terra Ceramic Planter,Home & Living,North,Online,1,$29.38,29.38,17.47,2
ORD-12359,05/04/2026,Nimbus Office Chair,Furniture,West,Online,2,$178.37,356.74,230.81,5
ORD-10244,03/04/2025,Aurora Desk Lamp,Home & Living,North,Online,1,$39.95,39.95,26.39,5
ORD-10945,08/14/2025,Cove Bookshelf,Furniture,South,Retail,3,$133.73,401.19,264.6,1
ORD-12099,03/14/2026,Lumen LED Strip,Electronics,West,Retail,2,$24.09,48.18,29.13,4
ORD-11617,12/15/2025,Halo Desk Organizer,Home & Living,East,Online,3,$19.77,59.31,43.47,4
ORD-11707,12/29/2025,Nimbus Office Chair,Furniture,North,Online,1,$197.08,197.08,125.38,3
ORD-10230,03/02/2025,Nimbus Office Chair,Furniture,North,Partner,1,$178.78,178.78,131.75,
ORD-10606,05/29/2025,Terra Ceramic Planter,Home & Living,South,Online,1,$29.15,29.15,21.64,5
ORD-11500,11/29/2025,Echo Mechanical Keyboard,Electronics,North,Online,2,$82.90,165.8,105.33,5
ORD-11748,01/05/2026,Terra Ceramic Planter,Home & Living,North,Partner,4,$29.76,119.04,76.61,1
ORD-11523,12/02/2025,Zephyr Standing Desk,Furniture,North,Partner,2,$444.61,889.22,646.53,5
ORD-12006,02/23/2026,Zephyr Standing Desk,Furniture,North,Online,2,$450.47,900.94,537.29,3
ORD-11967,02/17/2026,Zephyr Standing Desk,Furniture,East,Partner,3,$474.95,1424.85,803.04,5
ORD-11790,01/13/2026,Nimbus Office Chair,Furniture,North,Online,1,$197.30,197.3,111.32,3
ORD-10898,08/04/2025,"Vista Monitor 27""",Electronics,West,Online,1,$283.48,283.48,173.6,5
ORD-10610,05/30/2025,Halo Desk Organizer,Home & Living,East,Partner,3,$18.30,54.9,40.59,5
ORD-10290,03/15/2025,Halo Desk Organizer,Home & Living,East,Online,2,$18.45,36.9,24.71,4
ORD-12011,02/24/2026,Aurora Desk Lamp,Home & Living,South,Retail,1,$40.27,40.27,27.05,5
ORD-12308,04/25/2026,Lumen LED Strip,Electronics,East,Partner,3,$22.58,67.74,37.64,3
ORD-10440,04/18/2025,Zephyr Standing Desk,Furniture,North,Partner,2,$476.87,953.74,555.25,2
ORD-11308,10/31/2025,Zephyr Standing Desk,Furniture,East,Partner,1,$413.86,413.86,296.55,5
ORD-12610,06/18/2026,Terra Ceramic Planter,Home & Living,South,Online,2,$27.83,55.66,36.92,5
ORD-12609,06/18/2026,Nimbus Office Chair,Furniture,East,Partner,2,$179.98,359.96,215.52,5
ORD-10472,04/27/2025,Cove Bookshelf,Furniture,East,Retail,2,$120.79,241.58,157.58,4
ORD-10769,07/06/2025,Nimbus Office Chair,Furniture,East,Retail,1,$191.50,191.5,128.75,4
ORD-10552,05/18/2025,Aurora Desk Lamp,Home & Living,West,Online,2,$43.35,86.7,48.94,4
ORD-12476,05/27/2026,Halo Desk Organizer,Home & Living,West,Partner,1,$18.02,18.02,11.58,2
ORD-12344,05/02/2026,"Vista Monitor 27""",Electronics,North,Retail,3,$274.92,824.76,470.39,4
ORD-10918,08/08/2025,"Vista Monitor 27""",Electronics,South,Online,2,$282.93,565.86,422.78,5
ORD-12433,05/17/2026,Nimbus Office Chair,Furniture,North,Retail,1,$187.50,187.5,132.54,4
ORD-10190,02/20/2025,Lumen LED Strip,Electronics,North,Retail,2,$22.38,44.76,32.18,5
ORD-11228,10/14/2025,Cove Bookshelf,Furniture,North,Online,1,$124.50,124.5,75.22,4
ORD-12517,06/02/2026,Aurora Desk Lamp,Home & Living,North,Online,1,$44.64,44.64,32.04,5
ORD-10744,06/29/2025,Lumen LED Strip,Electronics,South,Online,1,$24.10,24.1,14.1,4
ORD-10097,01/29/2025,Halo Desk Organizer,Home & Living,West,Partner,3,$19.37,58.11,39.05,4
ORD-11305,10/30/2025,Echo Mechanical Keyboard,Electronics,North,Retail,2,$83.89,167.78,100.5,
ORD-11745,01/04/2026,Cove Bookshelf,Furniture,East,Retail,1,$119.65,119.65,78.57,5
ORD-11084,09/15/2025,Lumen LED Strip,Electronics,West,Retail,1,$24.64,24.64,16.98,4
ORD-10107,01/31/2025,Echo Mechanical Keyboard,Electronics,South,Retail,3,$91.42,274.26,197.89,4
ORD-11877,02/01/2026,Echo Mechanical Keyboard,Electronics,East,Online,1,$88.30,88.3,61.67,5
ORD-12385,05/09/2026,Nimbus Office Chair,Furniture,North,Retail,1,$175.80,175.8,107.23,5
ORD-10113,02/02/2025,"Vista Monitor 27""",Electronics,East,Online,2,$298.31,596.62,362.97,5
ORD-10137,02/08/2025,Cove Bookshelf,Furniture,North,Online,1,$126.23,126.23,89.39,5
ORD-10919,08/08/2025,Nimbus Office Chair,Furniture,East,Retail,2,$194.30,388.6,239.84,4
ORD-12528,06/04/2026,Echo Mechanical Keyboard,Electronics,East,Online,1,$89.72,89.72,50.81,5
ORD-11260,10/20/2025,Terra Ceramic Planter,Home & Living,East,Online,2,$26.57,53.14,29.23,4
ORD-12081,03/10/2026,Terra Ceramic Planter,Home & Living,West,Online,2,$28.62,57.24,40.34,4
ORD-12444,05/20/2026,Terra Ceramic Planter,Home & Living,East,Partner,1,$25.89,25.89,18.6,5
ORD-12182,03/31/2026,Pulse Wireless Mouse,Electronics,East,Online,1,$37.08,37.08,25.13,4
ORD-11029,09/02/2025,Cove Bookshelf,Furniture,North,Online,1,$136.50,136.5,78.3,3
ORD-10237,03/02/2025,Zephyr Standing Desk,Furniture,East,Partner,2,$435.54,871.08,604.24,5
ORD-10832,07/20/2025,Halo Desk Organizer,Home & Living,South,Online,1,$17.92,17.92,13.18,3
ORD-10208,02/25/2025,Echo Mechanical Keyboard,Electronics,West,Online,2,$93.46,186.92,109.35,5
ORD-10641,06/05/2025,Lumen LED Strip,Electronics,North,Retail,1,$24.43,24.43,16.83,5
ORD-11760,01/07/2026,Lumen LED Strip,Electronics,South,Online,3,$24.33,72.99,43.38,5
ORD-11460,11/23/2025,"Vista Monitor 27""",Electronics,South,Partner,2,$293.62,587.24,381.81,3
ORD-10287,03/14/2025,Aurora Desk Lamp,Home & Living,West,Partner,1,$44.08,44.08,27.94,1
ORD-12003,02/23/2026,Cove Bookshelf,Furniture,West,Partner,3,$131.05,393.15,279.93,4
ORD-11724,12/31/2025,Halo Desk Organizer,Home & Living,South,Online,2,$19.49,38.98,24.34,3
ORD-11396,11/13/2025,Lumen LED Strip,Electronics,East,Online,1,$23.98,23.98,14.21,5
ORD-10349,03/28/2025,Cove Bookshelf,Furniture,South,Online,3,$138.62,415.86,254.79,2
ORD-10626,06/02/2025,Echo Mechanical Keyboard,Electronics,North,Retail,1,$92.91,92.91,59.41,5
ORD-11370,11/09/2025,Nimbus Office Chair,Furniture,North,Partner,2,$174.58,349.16,227.77,2
ORD-11197,10/08/2025,"Vista Monitor 27""",Electronics,North,Retail,3,$269.69,809.07,601.38,3
ORD-10371,04/02/2025,"Vista Monitor 27""",Electronics,West,Partner,1,$275.78,275.78,206.6,4
ORD-10351,03/29/2025,Nimbus Office Chair,Furniture,South,Online,1,$181.09,181.09,103.84,5
ORD-12248,04/13/2026,Cove Bookshelf,Furniture,East,Online,4,$127.62,510.48,354.19,4
ORD-11135,09/26/2025,Aurora Desk Lamp,Home & Living,West,Online,1,$43.83,43.83,30.83,4
ORD-12001,02/22/2026,Halo Desk Organizer,Home & Living,West,Online,1,$18.97,18.97,13.18,4
ORD-11383,11/11/2025,"Vista Monitor 27""",Electronics,North,Online,1,$258.77,258.77,156.53,5
ORD-11459,11/23/2025,Echo Mechanical Keyboard,Electronics,West,Online,2,$92.91,185.82,123.32,5
ORD-10658,06/09/2025,Lumen LED Strip,Electronics,South,Online,1,$24.26,24.26,15.98,5
ORD-11139,09/27/2025,Nimbus Office Chair,Furniture,East,Online,2,$183.66,367.32,203.13,
ORD-10710,06/22/2025,Terra Ceramic Planter,Home & Living,North,Partner,2,$26.67,53.34,31.52,5
ORD-11265,10/21/2025,Lumen LED Strip,Electronics,South,Retail,1,$22.37,22.37,14.75,4
ORD-10505,05/06/2025,Terra Ceramic Planter,Home & Living,North,Partner,1,$26.27,26.27,18.11,3
ORD-11499,11/29/2025,Nimbus Office Chair,Furniture,North,Online,2,$189.21,378.42,216.7,5
ORD-12244,04/13/2026,Cove Bookshelf,Furniture,North,Retail,1,$132.12,132.12,97.43,4
ORD-11316,11/01/2025,Aurora Desk Lamp,Home & Living,West,Partner,2,$40.71,,60.75,5
ORD-12561,06/10/2026,Halo Desk Organizer,Home & Living,East,Retail,1,$19.90,19.9,12.54,4
ORD-10555,05/18/2025,Pulse Wireless Mouse,Electronics,South,Partner,1,$36.65,36.65,25.5,5
ORD-11582,12/10/2025,Terra Ceramic Planter,Home & Living,West,Online,1,$27.44,27.44,20.21,4
ORD-12145,03/24/2026,Cove Bookshelf,Furniture,West,Online,3,$128.19,384.57,263.92,1
ORD-10322,03/22/2025,Halo Desk Organizer,Home & Living,South,Retail,1,$17.70,17.7,10.68,3
ORD-12625,06/21/2026,Terra Ceramic Planter,Home & Living,West,Retail,2,$27.10,54.2,40.51,5
ORD-10949,08/15/2025,Echo Mechanical Keyboard,Electronics,South,Online,1,$93.27,93.27,55.0,5
ORD-11987,02/20/2026,Echo Mechanical Keyboard,Electronics,North,Online,2,$82.46,164.92,93.02,3
ORD-11298,10/29/2025,Terra Ceramic Planter,Home & Living,East,Online,3,$27.64,82.92,53.85,4
ORD-10294,03/16/2025,Pulse Wireless Mouse,Electronics,South,Online,2,$34.79,69.58,39.07,5
ORD-11311,10/31/2025,Terra Ceramic Planter,Home & Living,West,Online,2,$28.27,56.54,40.62,4
ORD-11595,12/12/2025,Zephyr Standing Desk,Furniture,East,Online,2,$439.99,879.98,498.29,4
ORD-11891,02/03/2026,Halo Desk Organizer,Home & Living,North,Retail,1,$19.33,19.33,13.78,1
ORD-10486,05/02/2025,Zephyr Standing Desk,Furniture,South,Partner,2,$457.22,914.44,618.8,5
ORD-10968,08/19/2025,Lumen LED Strip,Electronics,South,Online,1,$24.10,24.1,16.01,5
ORD-12458,05/23/2026,Halo Desk Organizer,Home & Living,West,Online,1,$17.70,17.7,9.84,4
ORD-12364,05/05/2026,Aurora Desk Lamp,Home & Living,North,Retail,2,$42.88,85.76,58.5,5
ORD-12587,06/14/2026,Lumen LED Strip,Electronics,North,Online,1,$24.09,24.09,16.18,5
ORD-10140,02/09/2025,"Vista Monitor 27""",Electronics,South,Online,1,$297.28,297.28,181.47,1
ORD-11780,01/10/2026,Echo Mechanical Keyboard,Electronics,West,Online,2,$87.15,174.3,127.24,4
ORD-11906,02/06/2026,Terra Ceramic Planter,Home & Living,North,Online,2,$28.87,57.74,38.09,3
ORD-10188,02/20/2025,Zephyr Standing Desk,Furniture,East,Retail,1,$466.15,466.15,320.28,5
ORD-11939,02/13/2026,Echo Mechanical Keyboard,Electronics,East,Online,2,$89.69,179.38,112.83,5
ORD-10379,04/05/2025,"Vista Monitor 27""",Electronics,North,Retail,1,$295.07,295.07,167.4,5
ORD-11349,11/06/2025,Pulse Wireless Mouse,Electronics,East,Partner,3,$34.65,103.95,63.06,2
ORD-12419,05/15/2026,Aurora Desk Lamp,Home & Living,West,Partner,1,$44.14,44.14,25.77,3
ORD-10808,07/15/2025,Echo Mechanical Keyboard,Electronics,West,Retail,3,$83.03,249.09,159.9,3
ORD-10511,05/08/2025,Zephyr Standing Desk,Furniture,East,Online,2,$484.04,968.08,543.01,5
ORD-12446,05/21/2026,Lumen LED Strip,Electronics,South,Online,3,$25.53,76.59,46.56,2
ORD-12606,06/17/2026,Halo Desk Organizer,Home & Living,North,Online,2,$19.67,,26.3,5
ORD-10116,02/03/2025,Halo Desk Organizer,Home & Living,West,Online,1,$19.24,19.24,13.12,5
ORD-12240,04/12/2026,"Vista Monitor 27""",Electronics,West,Online,1,$295.11,295.11,191.61,3
ORD-11843,01/25/2026,Lumen LED Strip,Electronics,East,Online,1,$23.13,23.13,16.17,5
ORD-11766,01/09/2026,Pulse Wireless Mouse,Electronics,South,Partner,1,$34.21,34.21,23.49,4
ORD-12119,03/19/2026,Lumen LED Strip,Electronics,West,Retail,1,$24.49,24.49,16.75,4
ORD-11437,11/20/2025,Aurora Desk Lamp,Home & Living,East,Online,3,$42.07,126.21,87.51,5
ORD-10341,03/26/2025,Echo Mechanical Keyboard,Electronics,North,Partner,1,$96.09,96.09,62.13,2
ORD-10209,02/25/2025,Zephyr Standing Desk,Furniture,North,Online,2,$468.84,937.68,601.56,4
ORD-10447,04/20/2025,Echo Mechanical Keyboard,Electronics,South,Online,2,$88.23,176.46,106.35,4
ORD-12381,05/08/2026,Cove Bookshelf,Furniture,North,Partner,1,$125.66,125.66,78.81,5
ORD-11365,11/09/2025,Nimbus Office Chair,Furniture,West,Online,2,$177.12,354.24,214.84,5
ORD-11178,10/04/2025,Nimbus Office Chair,Furniture,West,Online,4,$186.03,744.12,533.6,2
ORD-10562,05/20/2025,Halo Desk Organizer,Home & Living,West,Partner,3,$17.94,53.82,35.7,3
ORD-10336,03/25/2025,Halo Desk Organizer,Home & Living,East,Partner,2,$18.94,37.88,23.87,5
ORD-12004,02/23/2026,Aurora Desk Lamp,Home & Living,East,Online,2,$44.79,89.58,50.92,2
ORD-12289,04/21/2026,Pulse Wireless Mouse,Electronics,North,Online,2,$35.14,70.28,49.97,2
ORD-11281,10/24/2025,Zephyr Standing Desk,Furniture,East,Partner,2,$471.67,943.34,552.06,3
ORD-10923,08/09/2025,"Vista Monitor 27""",Electronics,North,Retail,1,$275.75,275.75,170.82,5
ORD-10950,08/15/2025,Halo Desk Organizer,Home & Living,East,Partner,2,$20.29,40.58,27.57,5
ORD-12372,05/07/2026,Terra Ceramic Planter,Home & Living,North,Online,2,$26.17,52.34,35.57,5
ORD-12257,04/15/2026,Aurora Desk Lamp,Home & Living,East,Online,1,$43.72,43.72,27.46,5
ORD-11337,11/04/2025,Pulse Wireless Mouse,Electronics,North,Partner,2,$32.99,65.98,39.9,5
ORD-11791,01/14/2026,Halo Desk Organizer,Home & Living,West,Online,1,$19.83,19.83,14.83,5
ORD-10913,08/07/2025,Halo Desk Organizer,Home & Living,South,Partner,1,$20.43,20.43,13.76,4
ORD-12113,03/17/2026,Zephyr Standing Desk,Furniture,East,Online,4,$414.31,1657.24,989.18,5
ORD-11334,11/04/2025,"Vista Monitor 27""",Electronics,East,Partner,2,$261.78,523.56,335.56,3
ORD-11182,10/05/2025,Terra Ceramic Planter,Home & Living,South,Partner,1,$29.07,29.07,20.6,5
ORD-11244,10/17/2025,"Vista Monitor 27""",Electronics,North,Partner,1,$271.35,271.35,168.45,3
ORD-11593,12/11/2025,Pulse Wireless Mouse,Electronics,South,Retail,2,$33.73,67.46,41.83,2
ORD-12445,05/21/2026,Terra Ceramic Planter,Home & Living,South,Online,3,$29.42,88.26,51.89,1
ORD-11259,10/19/2025,Echo Mechanical Keyboard,Electronics,North,Online,1,$87.96,87.96,49.29,4
ORD-12044,03/03/2026,Zephyr Standing Desk,Furniture,West,Online,2,$425.84,851.68,491.16,4
ORD-11060,09/09/2025,Nimbus Office Chair,Furniture,South,Online,1,$187.87,187.87,138.51,1
ORD-10121,02/04/2025,Zephyr Standing Desk,Furniture,North,Retail,2,$418.46,836.92,591.12,5
ORD-11801,01/15/2026,Pulse Wireless Mouse,Electronics,North,Online,2,$36.02,72.04,48.12,4
ORD-11208,10/10/2025,Terra Ceramic Planter,Home & Living,South,Retail,2,$28.76,57.52,32.67,5
ORD-10883,07/31/2025,Pulse Wireless Mouse,Electronics,North,Online,1,$34.11,34.11,24.97,
ORD-10967,08/18/2025,Echo Mechanical Keyboard,Electronics,East,Online,4,$84.45,337.8,197.16,5
ORD-11359,11/08/2025,Cove Bookshelf,Furniture,West,Retail,3,$126.77,380.31,267.14,3
ORD-10033,01/10/2025,Echo Mechanical Keyboard,Electronics,North,Partner,3,$89.04,267.12,192.47,2
ORD-10512,05/08/2025,"Vista Monitor 27""",Electronics,East,Online,1,$295.49,295.49,166.94,4
ORD-10741,06/29/2025,Echo Mechanical Keyboard,Electronics,South,Online,2,$93.85,187.7,115.97,3
ORD-10755,07/01/2025,Pulse Wireless Mouse,Electronics,North,Partner,1,$36.45,36.45,25.95,5
ORD-10731,06/26/2025,Nimbus Office Chair,Furniture,East,Online,3,$191.16,573.48,427.74,5
ORD-11743,01/04/2026,Cove Bookshelf,Furniture,West,Online,3,$122.45,367.35,262.29,3
ORD-11292,10/26/2025,Echo Mechanical Keyboard,Electronics,North,Online,4,$94.63,378.52,253.95,
ORD-10561,05/19/2025,Lumen LED Strip,Electronics,West,Online,2,$22.46,44.92,30.27,5
ORD-11957,02/16/2026,Nimbus Office Chair,Furniture,East,Online,2,$196.27,392.54,290.22,4
ORD-12643,06/24/2026,Zephyr Standing Desk,Furniture,South,Online,3,$415.49,1246.47,747.55,4
ORD-11410,11/15/2025,Nimbus Office Chair,Furniture,East,Online,2,$187.65,375.3,278.64,1
ORD-12362,05/05/2026,Zephyr Standing Desk,Furniture,West,Online,1,$476.55,476.55,342.94,4
ORD-12278,04/19/2026,Halo Desk Organizer,Home & Living,South,Online,1,$19.02,19.02,13.47,
ORD-10517,05/09/2025,"Vista Monitor 27""",Electronics,East,Retail,1,$271.50,271.5,191.0,4
ORD-12543,06/06/2026,Nimbus Office Chair,Furniture,South,Online,1,$194.62,194.62,135.93,5
ORD-11548,12/05/2025,Cove Bookshelf,Furniture,South,Online,3,$128.69,386.07,224.46,4
ORD-10159,02/14/2025,Aurora Desk Lamp,Home & Living,South,Retail,1,$45.15,45.15,30.25,4
ORD-11233,10/15/2025,Cove Bookshelf,Furniture,West,Online,1,$129.43,129.43,89.78,2
ORD-10676,06/13/2025,Halo Desk Organizer,Home & Living,North,Online,1,$20.29,20.29,11.79,3
ORD-12583,06/13/2026,"Vista Monitor 27""",Electronics,North,Online,1,$301.03,301.03,220.26,5
ORD-11642,12/19/2025,"Vista Monitor 27""",Electronics,South,Online,1,$265.95,265.95,198.66,4
ORD-11729,01/01/2026,Echo Mechanical Keyboard,Electronics,East,Partner,2,$95.95,191.9,109.86,5
ORD-11405,11/14/2025,Cove Bookshelf,Furniture,North,Online,1,$132.02,132.02,97.93,1
ORD-11124,09/23/2025,Terra Ceramic Planter,Home & Living,North,Online,1,$28.51,28.51,20.3,5
ORD-11983,02/19/2026,Cove Bookshelf,Furniture,North,Online,1,$125.73,125.73,75.56,5
ORD-11612,12/15/2025,Echo Mechanical Keyboard,Electronics,South,Online,2,$83.30,166.6,109.95,5
ORD-12293,04/22/2026,Nimbus Office Chair,Furniture,North,Online,3,$193.99,581.97,340.68,5
ORD-10539,05/14/2025,Echo Mechanical Keyboard,Electronics,East,Retail,1,$82.45,82.45,60.66,5
ORD-11033,09/03/2025,Zephyr Standing Desk,Furniture,West,Online,2,$421.87,843.74,522.89,5
ORD-11242,10/17/2025,Pulse Wireless Mouse,Electronics,East,Online,3,$33.39,100.17,69.88,4
ORD-11211,10/11/2025,Halo Desk Organizer,Home & Living,East,Online,2,$19.44,38.88,24.76,2
ORD-11112,09/20/2025,"Vista Monitor 27""",Electronics,East,Online,2,$271.85,543.7,344.61,5
ORD-10946,08/14/2025,Zephyr Standing Desk,Furniture,North,Online,2,$458.35,916.7,649.21,
ORD-10195,02/21/2025,Terra Ceramic Planter,Home & Living,East,Partner,1,$26.49,26.49,15.63,1
ORD-10504,05/06/2025,Nimbus Office Chair,Furniture,North,Online,2,$186.00,372.0,276.2,
ORD-12478,05/27/2026,Aurora Desk Lamp,Home & Living,North,Online,2,$44.16,88.32,50.98,5
ORD-11752,01/06/2026,Zephyr Standing Desk,Furniture,North,Online,2,$466.22,932.44,688.95,4
ORD-10836,07/20/2025,Zephyr Standing Desk,Furniture,East,Partner,1,$429.58,429.58,271.64,4
ORD-12616,06/19/2026,Zephyr Standing Desk,Furniture,South,Online,2,$424.47,848.94,566.43,4
ORD-10128,02/06/2025,Pulse Wireless Mouse,Electronics,East,Retail,1,$34.67,34.67,21.46,5
ORD-10144,02/11/2025,Cove Bookshelf,Furniture,North,Online,3,$137.29,411.87,279.65,2
ORD-11698,12/28/2025,Pulse Wireless Mouse,Electronics,West,Online,3,$32.82,98.46,56.8,5
ORD-10664,06/10/2025,Terra Ceramic Planter,Home & Living,South,Retail,1,$28.90,28.9,17.37,
ORD-11934,02/11/2026,Echo Mechanical Keyboard,Electronics,West,Retail,2,$85.49,170.98,98.75,5
ORD-12184,04/01/2026,Zephyr Standing Desk,Furniture,North,Retail,1,$471.63,471.63,274.27,3
ORD-10080,01/23/2025,Halo Desk Organizer,Home & Living,East,Retail,2,$19.20,38.4,21.44,2
ORD-11966,02/17/2026,Zephyr Standing Desk,Furniture,North,Online,1,$451.97,451.97,321.25,5
ORD-12565,06/10/2026,Halo Desk Organizer,Home & Living,East,Retail,1,$19.36,19.36,14.29,3
ORD-10213,02/26/2025,"Vista Monitor 27""",Electronics,North,Online,2,$273.08,546.16,387.48,5
ORD-11839,01/24/2026,Lumen LED Strip,Electronics,West,Online,3,$25.72,77.16,53.69,5
ORD-12389,05/10/2026,Pulse Wireless Mouse,Electronics,North,Retail,3,$36.40,109.2,70.88,5
ORD-12601,06/16/2026,Nimbus Office Chair,Furniture,North,Online,1,$174.29,174.29,118.87,5
ORD-11796,01/15/2026,Zephyr Standing Desk,Furniture,North,Online,2,$413.20,826.4,617.34,4
ORD-10785,07/09/2025,Pulse Wireless Mouse,Electronics,East,Online,2,$32.82,65.64,38.39,5
ORD-11070,09/11/2025,Nimbus Office Chair,Furniture,South,Online,2,$201.61,403.22,237.65,2
ORD-12502,05/31/2026,Halo Desk Organizer,Home & Living,East,Retail,5,$19.15,95.75,70.49,4
ORD-12197,04/03/2026,Halo Desk Organizer,Home & Living,North,Online,2,$20.50,41.0,27.31,5
ORD-11587,12/11/2025,Zephyr Standing Desk,Furniture,West,Online,2,$463.77,927.54,542.96,2
ORD-11465,11/24/2025,Halo Desk Organizer,Home & Living,South,Online,1,$18.28,18.28,10.16,4
ORD-12421,05/16/2026,Pulse Wireless Mouse,Electronics,South,Online,1,$32.46,32.46,22.24,4
ORD-10833,07/20/2025,"Vista Monitor 27""",Electronics,West,Online,2,$288.81,577.62,390.7,3
ORD-11458,11/23/2025,Lumen LED Strip,Electronics,North,Online,2,$25.77,51.54,29.34,1
ORD-12634,06/23/2026,Nimbus Office Chair,Furniture,West,Online,3,$188.36,565.08,344.85,4
ORD-11652,12/20/2025,Halo Desk Organizer,Home & Living,South,Online,3,$19.71,59.13,43.7,5
ORD-11599,12/13/2025,Zephyr Standing Desk,Furniture,South,Online,2,$415.72,831.44,596.1,4
ORD-11413,11/15/2025,Halo Desk Organizer,Home & Living,North,Online,3,$19.55,58.65,35.67,3
ORD-10189,02/20/2025,Cove Bookshelf,Furniture,North,Online,1,$126.15,126.15,78.53,5
ORD-10872,07/28/2025,Nimbus Office Chair,Furniture,East,Online,3,$185.24,555.72,306.38,3
ORD-12302,04/23/2026,Cove Bookshelf,Furniture,South,Online,1,$122.87,122.87,81.24,5
ORD-10533,05/13/2025,Lumen LED Strip,Electronics,North,Retail,1,$24.93,24.93,16.51,4
ORD-10053,01/14/2025,Halo Desk Organizer,Home & Living,West,Retail,2,$18.81,37.62,24.6,4
ORD-11518,12/01/2025,Zephyr Standing Desk,Furniture,North,Online,1,$472.00,472.0,307.68,5
ORD-11832,01/22/2026,Aurora Desk Lamp,Home & Living,North,Retail,1,$44.94,44.94,30.51,5
ORD-10612,05/31/2025,Zephyr Standing Desk,Furniture,East,Online,2,$418.72,837.44,620.67,5
ORD-10060,01/17/2025,Lumen LED Strip,Electronics,West,Online,2,$25.86,51.72,34.77,5
ORD-10969,08/19/2025,Nimbus Office Chair,Furniture,East,Retail,1,$200.71,200.71,111.43,5
ORD-11989,02/20/2026,Aurora Desk Lamp,Home & Living,South,Online,3,$42.84,128.52,77.81,5
ORD-11424,11/17/2025,Aurora Desk Lamp,Home & Living,East,Online,1,$44.19,44.19,25.4,4
ORD-10435,04/17/2025,Zephyr Standing Desk,Furniture,South,Online,3,$436.87,1310.61,741.23,2
ORD-11073,09/12/2025,Halo Desk Organizer,Home & Living,South,Online,3,$18.81,56.43,32.12,1
ORD-11941,02/13/2026,Aurora Desk Lamp,Home & Living,West,Online,1,$44.64,44.64,33.21,2
ORD-10971,08/19/2025,"Vista Monitor 27""",Electronics,East,Online,1,$284.73,284.73,171.94,1
ORD-11250,10/18/2025,"Vista Monitor 27""",Electronics,East,Retail,5,$261.98,1309.9,848.57,3
ORD-11977,02/19/2026,Halo Desk Organizer,Home & Living,West,Partner,1,$19.04,19.04,11.66,5
ORD-11352,11/07/2025,Terra Ceramic Planter,Home & Living,West,Partner,2,$28.23,56.46,32.35,4
ORD-10169,02/17/2025,Pulse Wireless Mouse,Electronics,South,Retail,2,$36.38,72.76,42.57,5
ORD-10779,07/08/2025,Halo Desk Organizer,Home & Living,West,Partner,2,$17.75,35.5,22.88,2
ORD-10003,01/01/2025,Terra Ceramic Planter,Home & Living,West,Online,1,$26.75,26.75,17.87,3
ORD-10908,08/06/2025,"Vista Monitor 27""",Electronics,South,Partner,1,$278.56,278.56,167.79,5
ORD-10428,04/15/2025,"Vista Monitor 27""",Electronics,East,Partner,4,$265.67,1062.68,612.21,4
ORD-12131,03/21/2026,Lumen LED Strip,Electronics,East,Online,1,$22.59,22.59,14.51,3
ORD-11469,11/24/2025,"Vista Monitor 27""",Electronics,East,Retail,2,$258.54,517.08,288.08,5
ORD-11035,09/03/2025,Zephyr Standing Desk,Furniture,South,Partner,2,$446.19,892.38,571.11,4
ORD-11109,09/20/2025,"Vista Monitor 27""",Electronics,East,Online,1,$267.11,267.11,178.27,5
ORD-12425,05/16/2026,Zephyr Standing Desk,Furniture,West,Retail,1,$448.23,448.23,249.28,5
ORD-10075,01/21/2025,Cove Bookshelf,Furniture,North,Online,1,$119.76,119.76,88.67,1
ORD-10251,03/05/2025,Halo Desk Organizer,Home & Living,East,Retail,1,$19.86,19.86,14.01,5
ORD-12193,04/02/2026,Lumen LED Strip,Electronics,North,Partner,1,$25.86,25.86,18.52,2
ORD-11640,12/19/2025,Aurora Desk Lamp,Home & Living,West,Online,1,$44.17,44.17,25.63,5
ORD-11625,12/16/2025,Halo Desk Organizer,Home & Living,South,Online,2,$19.35,38.7,28.04,1
ORD-10161,02/15/2025,Lumen LED Strip,Electronics,East,Retail,2,$25.82,51.64,36.85,1
ORD-11879,02/01/2026,Echo Mechanical Keyboard,Electronics,West,Online,1,$95.03,95.03,68.35,5
ORD-10572,05/22/2025,Cove Bookshelf,Furniture,South,Online,1,$137.42,137.42,85.51,1
ORD-12202,04/04/2026,Zephyr Standing Desk,Furniture,South,Retail,1,$414.61,414.61,269.53,4
ORD-12348,05/02/2026,Halo Desk Organizer,Home & Living,North,Retail,2,$17.85,35.7,19.67,4
ORD-10129,02/06/2025,Pulse Wireless Mouse,Electronics,West,Partner,1,$34.76,34.76,21.22,2
ORD-10485,05/02/2025,Aurora Desk Lamp,Home & Living,North,Retail,1,$43.84,43.84,29.16,2
ORD-12356,05/04/2026,Halo Desk Organizer,Home & Living,West,Partner,1,$18.38,18.38,13.16,5
ORD-12463,05/24/2026,"Vista Monitor 27""",Electronics,North,Retail,1,$278.40,278.4,169.31,5
ORD-12191,04/02/2026,Pulse Wireless Mouse,Electronics,West,Online,3,$37.23,111.69,69.38,3
ORD-11616,12/15/2025,Aurora Desk Lamp,Home & Living,South,Retail,2,$43.80,87.6,54.65,5
ORD-12109,03/16/2026,"Vista Monitor 27""",Electronics,South,Online,1,$258.86,258.86,142.53,1
ORD-10683,06/14/2025,Halo Desk Organizer,Home & Living,South,Retail,1,$19.23,19.23,10.92,3
ORD-10041,01/12/2025,Halo Desk Organizer,Home & Living,East,Online,2,$19.57,39.14,28.2,
ORD-11295,10/27/2025,Aurora Desk Lamp,Home & Living,North,Online,4,$43.87,175.48,101.66,5
ORD-12602,06/16/2026,Aurora Desk Lamp,Home & Living,South,Retail,1,$42.06,42.06,25.55,5
ORD-11087,09/15/2025,Lumen LED Strip,Electronics,West,Online,2,$25.74,51.48,31.73,3
ORD-10115,02/03/2025,Pulse Wireless Mouse,Electronics,North,Online,2,$34.10,68.2,48.25,
ORD-12259,04/15/2026,Echo Mechanical Keyboard,Electronics,South,Online,2,$84.48,168.96,110.62,3
ORD-11200,10/08/2025,Cove Bookshelf,Furniture,South,Online,1,$128.45,128.45,79.6,4
ORD-11560,12/07/2025,Halo Desk Organizer,Home & Living,East,Online,1,$18.30,18.3,10.83,5
ORD-10438,04/18/2025,Terra Ceramic Planter,Home & Living,West,Retail,3,$26.21,78.63,50.79,4
ORD-12272,04/18/2026,"Vista Monitor 27""",Electronics,South,Online,1,$261.03,261.03,185.27,1
ORD-12198,04/03/2026,Zephyr Standing Desk,Furniture,South,Online,1,$480.25,480.25,332.78,
ORD-11633,12/17/2025,Pulse Wireless Mouse,Electronics,North,Partner,1,$36.24,36.24,25.31,2
ORD-10845,07/22/2025,Halo Desk Organizer,Home & Living,North,Partner,2,$20.16,40.32,28.11,4
ORD-12247,04/13/2026,Zephyr Standing Desk,Furniture,West,Retail,3,$474.21,1422.63,1009.61,4
ORD-12126,03/20/2026,Cove Bookshelf,Furniture,North,Online,1,$134.09,134.09,98.91,4
ORD-11878,02/01/2026,Echo Mechanical Keyboard,Electronics,East,Online,1,$85.13,,49.73,5
ORD-11184,10/06/2025,Aurora Desk Lamp,Home & Living,East,Partner,3,$40.67,122.01,83.53,3
ORD-10994,08/24/2025,Halo Desk Organizer,Home & Living,North,Online,2,$19.70,39.4,29.54,5
ORD-11893,02/04/2026,Pulse Wireless Mouse,Electronics,East,Online,3,$33.28,99.84,70.29,1
ORD-11684,12/26/2025,Echo Mechanical Keyboard,Electronics,South,Online,3,$85.80,257.4,170.46,3
ORD-10461,04/24/2025,Zephyr Standing Desk,Furniture,East,Retail,1,$468.69,468.69,287.86,2
ORD-11239,10/16/2025,Halo Desk Organizer,Home & Living,North,Partner,1,$17.61,17.61,11.27,5
ORD-12065,03/07/2026,"Vista Monitor 27""",Electronics,North,Online,2,$297.49,594.98,399.68,5
ORD-12376,05/08/2026,Nimbus Office Chair,Furniture,North,Online,1,$201.08,201.08,136.43,5
ORD-12086,03/11/2026,Nimbus Office Chair,Furniture,South,Retail,1,$199.14,199.14,122.16,4
ORD-10309,03/19/2025,Cove Bookshelf,Furniture,East,Online,1,$124.60,124.6,81.05,3
ORD-11130,09/25/2025,Echo Mechanical Keyboard,Electronics,South,Online,3,$91.43,274.29,176.33,4
ORD-11662,12/22/2025,Halo Desk Organizer,Home & Living,North,Online,1,$19.77,19.77,11.32,4
ORD-12417,05/15/2026,Terra Ceramic Planter,Home & Living,East,Online,3,$29.88,89.64,50.26,5
ORD-11442,11/20/2025,Halo Desk Organizer,Home & Living,East,Online,1,$19.55,19.55,14.11,1
ORD-11045,09/06/2025,Echo Mechanical Keyboard,Electronics,West,Online,2,$85.55,171.1,126.33,4
ORD-12448,05/21/2026,Lumen LED Strip,Electronics,West,Online,2,$23.29,46.58,29.43,2
ORD-11258,10/19/2025,Aurora Desk Lamp,Home & Living,East,Partner,2,$41.20,82.4,53.97,4
ORD-12347,05/02/2026,Echo Mechanical Keyboard,Electronics,South,Online,4,$89.45,357.8,234.58,5
ORD-12371,05/07/2026,Echo Mechanical Keyboard,Electronics,South,Online,1,$93.88,93.88,67.45,5
ORD-10089,01/26/2025,Echo Mechanical Keyboard,Electronics,East,Online,1,$86.25,86.25,51.41,5
ORD-11985,02/20/2026,Halo Desk Organizer,Home & Living,West,Retail,2,$18.76,37.52,22.63,5
ORD-11624,12/16/2025,Terra Ceramic Planter,Home & Living,East,Online,2,$28.14,56.28,35.27,
ORD-11794,01/14/2026,Pulse Wireless Mouse,Electronics,West,Retail,1,$34.45,34.45,20.51,4
ORD-10258,03/06/2025,Pulse Wireless Mouse,Electronics,East,Partner,1,$34.94,34.94,22.57,4
ORD-11248,10/18/2025,Zephyr Standing Desk,Furniture,North,Online,1,$438.89,438.89,317.8,1
ORD-11733,01/01/2026,Nimbus Office Chair,Furniture,North,Retail,1,$192.48,192.48,115.48,4
ORD-11688,12/26/2025,Pulse Wireless Mouse,Electronics,East,Online,1,$37.39,37.39,22.14,4
ORD-10585,05/25/2025,Halo Desk Organizer,Home & Living,East,Online,2,$17.77,35.54,22.93,5
ORD-11947,02/14/2026,Cove Bookshelf,Furniture,West,Retail,2,$130.80,261.6,189.95,1
ORD-11099,09/18/2025,Lumen LED Strip,Electronics,West,Online,1,$22.92,22.92,13.54,4
ORD-11823,01/20/2026,Aurora Desk Lamp,Home & Living,West,Retail,1,$44.24,44.24,25.96,4
ORD-10093,01/28/2025,Aurora Desk Lamp,Home & Living,North,Partner,1,$41.60,41.6,24.41,5
ORD-10560,05/19/2025,Nimbus Office Chair,Furniture,East,Online,1,$176.85,176.85,122.93,3
ORD-12469,05/26/2026,Aurora Desk Lamp,Home & Living,East,Online,1,$43.41,43.41,24.03,5
ORD-11821,01/20/2026,Pulse Wireless Mouse,Electronics,North,Online,4,$33.79,135.16,89.75,4
ORD-10037,01/11/2025,Aurora Desk Lamp,Home & Living,West,Online,1,$41.72,41.72,31.28,4
ORD-11783,01/11/2026,Nimbus Office Chair,Furniture,East,Retail,2,$195.66,391.32,271.39,4
ORD-11118,09/21/2025,"Vista Monitor 27""",Electronics,North,Partner,2,$259.24,518.48,338.93,5
ORD-10916,08/08/2025,Halo Desk Organizer,Home & Living,West,Online,2,$17.74,35.48,24.4,3
ORD-11336,11/04/2025,"Vista Monitor 27""",Electronics,North,Retail,2,$266.21,532.42,315.35,5
ORD-11407,11/15/2025,Terra Ceramic Planter,Home & Living,West,Online,1,$26.21,26.21,18.26,4
ORD-10666,06/11/2025,Echo Mechanical Keyboard,Electronics,South,Online,1,$89.83,89.83,66.26,1
ORD-12078,03/09/2026,Lumen LED Strip,Electronics,West,Retail,1,$22.15,22.15,16.23,2
ORD-11262,10/20/2025,Echo Mechanical Keyboard,Electronics,West,Online,1,$91.41,91.41,62.76,4
ORD-10837,07/20/2025,Halo Desk Organizer,Home & Living,North,Online,1,$18.92,18.92,12.16,4
ORD-12574,06/12/2026,Echo Mechanical Keyboard,Electronics,East,Online,2,$93.49,186.98,127.44,5
ORD-11326,11/02/2025,Nimbus Office Chair,Furniture,North,Online,2,$179.30,358.6,252.59,4
ORD-10567,05/21/2025,Aurora Desk Lamp,Home & Living,West,Online,1,$42.35,42.35,27.9,3
ORD-10386,04/06/2025,Pulse Wireless Mouse,Electronics,South,Retail,1,$35.72,35.72,23.23,2
ORD-11450,11/22/2025,Pulse Wireless Mouse,Electronics,West,Online,4,$37.37,149.48,84.25,5
ORD-10700,06/19/2025,Pulse Wireless Mouse,Electronics,South,Online,1,$33.46,33.46,20.69,5
ORD-11575,12/09/2025,"Vista Monitor 27""",Electronics,North,Online,1,$266.02,266.02,146.45,5
ORD-12187,04/01/2026,Echo Mechanical Keyboard,Electronics,West,Online,2,$87.98,175.96,130.78,2
ORD-12437,05/18/2026,"Vista Monitor 27""",Electronics,East,Online,1,$261.35,261.35,187.64,4
ORD-11510,11/30/2025,Lumen LED Strip,Electronics,North,Online,2,$24.27,48.54,34.72,5
ORD-12613,06/19/2026,Cove Bookshelf,Furniture,South,Online,2,$131.51,263.02,178.79,4
ORD-11601,12/13/2025,Nimbus Office Chair,Furniture,North,Online,3,$189.40,568.2,336.46,
ORD-10618,06/01/2025,Halo Desk Organizer,Home & Living,South,Online,3,$18.52,55.56,32.6,4
ORD-10069,01/18/2025,Terra Ceramic Planter,Home & Living,West,Online,3,$28.88,86.64,62.5,1
ORD-12639,06/24/2026,Halo Desk Organizer,Home & Living,East,Online,1,$18.51,18.51,12.69,5
ORD-12038,03/01/2026,Nimbus Office Chair,Furniture,East,Online,1,$186.36,186.36,117.4,4
ORD-11434,11/19/2025,Echo Mechanical Keyboard,Electronics,West,Online,3,$89.93,269.79,164.21,5
ORD-11225,10/14/2025,Nimbus Office Chair,Furniture,West,Retail,3,$183.84,551.52,313.15,3
ORD-12217,04/07/2026,Lumen LED Strip,Electronics,West,Partner,3,$25.21,75.63,46.66,1
ORD-11012,08/29/2025,Cove Bookshelf,Furniture,North,Retail,2,$119.29,238.58,138.17,2
ORD-12185,04/01/2026,Nimbus Office Chair,Furniture,North,Online,2,$184.09,368.18,208.15,4
ORD-11717,12/30/2025,Nimbus Office Chair,Furniture,North,Retail,2,$201.50,403.0,280.05,2
ORD-11298,10/29/2025,Terra Ceramic Planter,Home & Living,East,Online,3,$27.64,82.92,53.85,4
ORD-10454,04/22/2025,Nimbus Office Chair,Furniture,South,Online,2,$185.62,371.24,233.68,5
ORD-12061,03/07/2026,"Vista Monitor 27""",Electronics,North,Online,2,$291.12,582.24,433.1,5
ORD-11887,02/02/2026,Halo Desk Organizer,Home & Living,East,Retail,1,$17.87,17.87,10.84,3
ORD-10479,05/01/2025,Cove Bookshelf,Furniture,East,Online,2,$134.43,268.86,157.72,2
ORD-12387,05/09/2026,Terra Ceramic Planter,Home & Living,South,Partner,2,$28.98,57.96,42.25,
ORD-11822,01/20/2026,Nimbus Office Chair,Furniture,South,Online,1,$177.72,177.72,133.13,4
ORD-11914,02/07/2026,Nimbus Office Chair,Furniture,East,Retail,1,$187.35,187.35,139.3,4
ORD-10522,05/10/2025,Nimbus Office Chair,Furniture,East,Partner,1,$197.23,197.23,126.25,3
ORD-12424,05/16/2026,Halo Desk Organizer,Home & Living,South,Online,1,$18.85,18.85,13.76,4
ORD-11014,08/30/2025,Zephyr Standing Desk,Furniture,East,Retail,1,$477.92,477.92,268.38,5
ORD-11092,09/17/2025,Zephyr Standing Desk,Furniture,West,Partner,3,$480.69,1442.07,1074.95,2
ORD-10412,04/13/2025,Pulse Wireless Mouse,Electronics,South,Retail,1,$32.37,32.37,20.42,4
ORD-12141,03/23/2026,Aurora Desk Lamp,Home & Living,North,Online,1,$42.12,42.12,27.71,1
ORD-12542,06/06/2026,Lumen LED Strip,Electronics,North,Online,4,$22.59,90.36,50.98,5
ORD-10026,01/08/2025,Terra Ceramic Planter,Home & Living,South,Online,1,$26.61,26.61,15.15,5
ORD-10685,06/15/2025,Zephyr Standing Desk,Furniture,East,Retail,2,$427.31,854.62,537.61,5
ORD-11517,12/01/2025,Terra Ceramic Planter,Home & Living,South,Retail,1,$28.59,28.59,19.96,
ORD-11731,01/01/2026,Pulse Wireless Mouse,Electronics,East,Online,3,$34.25,102.75,69.12,5
ORD-10178,02/18/2025,Halo Desk Organizer,Home & Living,South,Retail,1,$18.44,18.44,11.76,4
ORD-10390,04/06/2025,Halo Desk Organizer,Home & Living,West,Retail,1,$19.33,19.33,11.83,2
ORD-11580,12/10/2025,Pulse Wireless Mouse,Electronics,South,Online,1,$36.04,36.04,23.84,1
ORD-12020,02/27/2026,Echo Mechanical Keyboard,Electronics,West,Partner,3,$87.80,263.4,147.57,2
ORD-11976,02/18/2026,"Vista Monitor 27""",Electronics,East,Online,1,$300.21,300.21,197.1,4
ORD-11664,12/22/2025,Lumen LED Strip,Electronics,East,Online,1,$24.99,24.99,15.46,5
ORD-12392,05/10/2026,Zephyr Standing Desk,Furniture,North,Online,1,$454.26,454.26,299.5,1
ORD-11333,11/03/2025,Terra Ceramic Planter,Home & Living,South,Online,3,$29.20,87.6,51.67,5
ORD-11954,02/15/2026,Zephyr Standing Desk,Furniture,West,Online,3,$443.74,1331.22,915.03,5
ORD-12165,03/28/2026,Terra Ceramic Planter,Home & Living,West,Retail,1,$27.51,27.51,17.08,1
ORD-10260,03/07/2025,Pulse Wireless Mouse,Electronics,North,Partner,3,$32.44,97.32,72.12,4
ORD-11889,02/03/2026,Echo Mechanical Keyboard,Electronics,East,Online,1,$90.91,90.91,66.4,4
ORD-10766,07/05/2025,Nimbus Office Chair,Furniture,East,Retail,2,$180.46,360.92,208.53,1
ORD-12546,06/07/2026,Terra Ceramic Planter,Home & Living,North,Online,2,$29.35,58.7,34.67,5
ORD-10917,08/08/2025,Aurora Desk Lamp,Home & Living,East,Online,1,$43.06,43.06,27.32,1
ORD-12082,03/10/2026,"Vista Monitor 27""",Electronics,South,Online,2,$281.56,563.12,361.28,1
ORD-12215,04/06/2026,Aurora Desk Lamp,Home & Living,West,Online,2,$44.23,88.46,51.56,5
ORD-10407,04/11/2025,Pulse Wireless Mouse,Electronics,West,Retail,3,$33.66,100.98,61.9,4
ORD-10625,06/02/2025,Lumen LED Strip,Electronics,East,Partner,1,$24.30,24.3,16.52,4
ORD-10925,08/10/2025,Zephyr Standing Desk,Furniture,East,Retail,3,$450.17,1350.51,793.17,5
ORD-10824,07/19/2025,Nimbus Office Chair,Furniture,South,Online,3,$192.85,578.55,408.76,
ORD-10643,06/05/2025,Halo Desk Organizer,Home & Living,North,Partner,1,$18.98,18.98,11.66,1
ORD-12333,04/30/2026,"Vista Monitor 27""",Electronics,East,Online,3,$269.09,807.27,470.86,2
ORD-10636,06/04/2025,Terra Ceramic Planter,Home & Living,East,Retail,1,$27.15,27.15,16.82,
ORD-10778,07/07/2025,Halo Desk Organizer,Home & Living,North,Retail,2,$18.94,37.88,26.07,4
ORD-10305,03/18/2025,Zephyr Standing Desk,Furniture,North,Partner,4,$423.13,1692.52,1115.89,1
ORD-12454,05/22/2026,Halo Desk Organizer,Home & Living,North,Retail,3,$18.30,54.9,36.99,4
ORD-10446,04/20/2025,"Vista Monitor 27""",Electronics,North,Online,2,$278.51,557.02,380.0,3
ORD-12597,06/16/2026,Zephyr Standing Desk,Furniture,West,Partner,1,$417.19,417.19,244.73,4
ORD-12262,04/16/2026,Halo Desk Organizer,Home & Living,East,Online,3,$17.98,53.94,30.53,
ORD-11778,01/10/2026,Halo Desk Organizer,Home & Living,North,Online,1,$19.17,19.17,14.37,5
ORD-11016,08/30/2025,Aurora Desk Lamp,Home & Living,East,Online,3,$44.20,132.6,96.8,5
ORD-10430,04/16/2025,Echo Mechanical Keyboard,Electronics,East,Online,2,$91.91,183.82,125.44,4
ORD-11864,01/29/2026,Echo Mechanical Keyboard,Electronics,North,Online,1,$82.81,82.81,55.02,2
ORD-11629,12/17/2025,Cove Bookshelf,Furniture,East,Online,1,$120.63,120.63,83.88,4
ORD-10726,06/25/2025,Zephyr Standing Desk,Furniture,West,Online,1,$474.42,474.42,324.22,2
ORD-11649,12/20/2025,Pulse Wireless Mouse,Electronics,North,Online,2,$37.37,74.74,43.76,4
ORD-12222,04/08/2026,Zephyr Standing Desk,Furniture,North,Online,1,$442.65,442.65,254.97,2
ORD-10468,04/26/2025,Halo Desk Organizer,Home & Living,North,Online,4,$19.85,79.4,47.07,4
ORD-11378,11/10/2025,Nimbus Office Chair,Furniture,West,Online,1,$179.32,179.32,110.2,2
ORD-12072,03/08/2026,Nimbus Office Chair,Furniture,East,Online,1,$183.82,,110.13,4
ORD-10342,03/26/2025,Nimbus Office Chair,Furniture,West,Online,3,$184.41,553.23,342.24,4
ORD-11670,12/23/2025,Halo Desk Organizer,Home & Living,East,Online,2,$18.62,37.24,26.93,5
ORD-11982,02/19/2026,Zephyr Standing Desk,Furniture,East,Partner,3,$440.02,1320.06,829.43,5
ORD-10879,07/30/2025,Zephyr Standing Desk,Furniture,South,Retail,3,$438.75,1316.25,737.86,4
ORD-10835,07/20/2025,Lumen LED Strip,Electronics,West,Retail,1,$25.48,25.48,17.09,5
ORD-11579,12/10/2025,Lumen LED Strip,Electronics,West,Retail,4,$25.28,101.12,70.0,5
ORD-12055,03/06/2026,Echo Mechanical Keyboard,Electronics,West,Online,2,$82.82,165.64,92.14,3
ORD-10848,07/23/2025,Lumen LED Strip,Electronics,South,Partner,1,$24.97,24.97,17.53,5
ORD-12277,04/19/2026,Zephyr Standing Desk,Furniture,West,Online,4,$453.12,1812.48,1327.78,4
ORD-10727,06/25/2025,Aurora Desk Lamp,Home & Living,East,Retail,5,$39.72,198.6,120.53,5
ORD-10931,08/11/2025,Lumen LED Strip,Electronics,North,Retail,4,$22.69,90.76,52.39,5
ORD-11000,08/27/2025,"Vista Monitor 27""",Electronics,West,Retail,2,$284.44,568.88,345.02,3
ORD-12535,06/06/2026,Zephyr Standing Desk,Furniture,West,Partner,4,$466.80,1867.2,1051.62,5
ORD-11874,02/01/2026,Pulse Wireless Mouse,Electronics,East,Retail,2,$32.55,65.1,40.29,5
ORD-10672,06/12/2025,Echo Mechanical Keyboard,Electronics,North,Online,1,$93.64,93.64,57.56,5
ORD-11771,01/09/2026,Terra Ceramic Planter,Home & Living,South,Online,2,$27.93,55.86,34.49,3
ORD-12188,04/01/2026,Nimbus Office Chair,Furniture,West,Partner,4,$196.45,785.8,499.22,4
ORD-11631,12/17/2025,Halo Desk Organizer,Home & Living,South,Online,1,$18.87,18.87,10.67,2
ORD-11848,01/26/2026,Echo Mechanical Keyboard,Electronics,North,Online,1,$88.65,88.65,61.23,5
ORD-10245,03/04/2025,Pulse Wireless Mouse,Electronics,East,Online,3,$36.82,110.46,74.52,2
ORD-12523,06/03/2026,"Vista Monitor 27""",Electronics,North,Online,2,$273.20,546.4,357.42,5
ORD-12313,04/26/2026,Lumen LED Strip,Electronics,North,Online,3,$22.15,66.45,49.54,2
ORD-10701,06/20/2025,Lumen LED Strip,Electronics,South,Online,1,$23.68,23.68,15.74,5
ORD-11712,12/30/2025,Zephyr Standing Desk,Furniture,West,Online,1,$420.33,420.33,276.02,3
ORD-10663,06/10/2025,Zephyr Standing Desk,Furniture,East,Online,3,$475.83,1427.49,842.81,5
ORD-12266,04/17/2026,"Vista Monitor 27""",Electronics,West,Retail,3,$279.85,839.55,622.32,1
ORD-11456,11/22/2025,Zephyr Standing Desk,Furniture,South,Partner,2,$436.15,872.3,601.66,5
ORD-10008,01/03/2025,Echo Mechanical Keyboard,Electronics,East,Online,2,$91.42,182.84,126.23,3
ORD-12253,04/14/2026,Halo Desk Organizer,Home & Living,West,Online,4,$17.67,70.68,47.75,5
ORD-10963,08/17/2025,Cove Bookshelf,Furniture,South,Partner,1,$125.14,125.14,91.17,
ORD-12169,03/29/2026,Cove Bookshelf,Furniture,West,Online,1,$133.07,133.07,86.99,3
ORD-12519,06/02/2026,Nimbus Office Chair,Furniture,North,Partner,1,$197.91,197.91,133.24,4
ORD-11107,09/19/2025,Pulse Wireless Mouse,Electronics,West,Retail,1,$37.78,37.78,27.93,1
ORD-10736,06/28/2025,Pulse Wireless Mouse,Electronics,West,Online,2,$33.88,67.76,44.72,4
ORD-11338,11/05/2025,Terra Ceramic Planter,Home & Living,North,Partner,1,$26.92,26.92,19.28,4
ORD-10191,02/21/2025,Aurora Desk Lamp,Home & Living,North,Online,1,$42.79,42.79,28.65,5
ORD-11318,11/01/2025,Echo Mechanical Keyboard,Electronics,North,Retail,1,$83.32,83.32,59.28,5
ORD-10016,01/05/2025,Cove Bookshelf,Furniture,North,Online,2,$125.70,251.4,153.03,4
ORD-10395,04/08/2025,Halo Desk Organizer,Home & Living,West,Online,1,$19.73,19.73,10.86,1
ORD-10773,07/07/2025,Terra Ceramic Planter,Home & Living,North,Online,4,$28.76,115.04,66.36,5
ORD-11623,12/16/2025,"Vista Monitor 27""",Electronics,West,Online,1,$288.46,288.46,207.35,3
ORD-12229,04/10/2026,Zephyr Standing Desk,Furniture,West,Online,2,$446.68,893.36,588.92,4
ORD-10793,07/10/2025,Pulse Wireless Mouse,Electronics,West,Retail,1,$35.86,35.86,22.53,5
ORD-11379,11/10/2025,Lumen LED Strip,Electronics,South,Online,1,$25.07,25.07,14.4,4
ORD-12209,04/05/2026,Nimbus Office Chair,Furniture,North,Retail,4,$191.00,764.0,486.54,3
ORD-10661,06/10/2025,Cove Bookshelf,Furniture,East,Retail,4,$135.59,542.36,318.89,3
ORD-10806,07/13/2025,Cove Bookshelf,Furniture,East,Retail,1,$123.34,123.34,77.32,2
ORD-11425,11/17/2025,Aurora Desk Lamp,Home & Living,West,Retail,2,$38.98,77.96,45.03,5
ORD-10023,01/08/2025,"Vista Monitor 27""",Electronics,North,Online,2,$271.77,543.54,362.9,2
ORD-10256,03/06/2025,"Vista Monitor 27""",Electronics,East,Retail,3,$272.50,817.5,575.85,4
ORD-10009,01/03/2025,Cove Bookshelf,Furniture,South,Partner,3,$133.73,401.19,233.77,5
ORD-10689,06/16/2025,Lumen LED Strip,Electronics,West,Partner,3,$22.85,68.55,42.83,2
ORD-12586,06/14/2026,Lumen LED Strip,Electronics,North,Retail,1,$25.57,25.57,14.82,5
ORD-11679,12/25/2025,"Vista Monitor 27""",Electronics,North,Retail,1,$261.07,261.07,189.62,2
ORD-11730,01/01/2026,"Vista Monitor 27""",Electronics,East,Online,1,$262.68,262.68,176.17,
ORD-11770,01/09/2026,Nimbus Office Chair,Furniture,South,Retail,1,$201.52,201.52,114.48,3
ORD-10899,08/04/2025,Terra Ceramic Planter,Home & Living,West,Online,1,$26.61,26.61,15.01,
ORD-10234,03/02/2025,Aurora Desk Lamp,Home & Living,East,Retail,4,$40.42,161.68,95.74,1
ORD-10082,01/23/2025,Echo Mechanical Keyboard,Electronics,East,Partner,1,$91.95,91.95,58.58,4
ORD-12251,04/14/2026,Nimbus Office Chair,Furniture,West,Online,3,$184.67,554.01,324.54,5
ORD-10455,04/23/2025,Halo Desk Organizer,Home & Living,North,Online,2,$19.27,38.54,27.22,5
ORD-10816,07/17/2025,Halo Desk Organizer,Home & Living,West,Online,1,$18.00,18.0,12.03,5
ORD-12105,03/15/2026,Terra Ceramic Planter,Home & Living,West,Retail,1,$26.36,26.36,15.65,4
ORD-10659,06/09/2025,Cove Bookshelf,Furniture,East,Online,2,$127.96,255.92,182.7,5
ORD-10396,04/09/2025,"Vista Monitor 27""",Electronics,North,Retail,1,$264.67,264.67,196.4,5
ORD-12158,03/27/2026,Zephyr Standing Desk,Furniture,West,Online,2,$470.70,941.4,692.52,5
ORD-12357,05/04/2026,Halo Desk Organizer,Home & Living,North,Online,2,$19.09,38.18,24.76,5
ORD-11138,09/26/2025,Cove Bookshelf,Furniture,North,Online,2,$130.28,260.56,153.19,5
ORD-11665,12/22/2025,Pulse Wireless Mouse,Electronics,North,Online,1,$36.46,36.46,21.13,4
ORD-10629,06/02/2025,Halo Desk Organizer,Home & Living,South,Partner,3,$19.44,58.32,35.24,4
ORD-11829,01/21/2026,Nimbus Office Chair,Furniture,North,Partner,1,$190.04,190.04,128.03,4
ORD-11930,02/10/2026,Cove Bookshelf,Furniture,North,Retail,3,$138.33,414.99,268.79,1
ORD-10369,04/02/2025,Echo Mechanical Keyboard,Electronics,West,Retail,1,$94.02,94.02,66.53,1
ORD-10459,04/24/2025,Lumen LED Strip,Electronics,South,Retail,3,$23.11,69.33,43.3,4
ORD-12328,04/29/2026,Nimbus Office Chair,Furniture,North,Partner,2,$198.39,396.78,276.63,5
ORD-12094,03/13/2026,Terra Ceramic Planter,Home & Living,East,Online,2,$29.88,59.76,37.89,1
ORD-11990,02/21/2026,Halo Desk Organizer,Home & Living,North,Retail,1,$19.16,19.16,13.76,4
ORD-11153,09/30/2025,Zephyr Standing Desk,Furniture,North,Online,2,$464.93,929.86,556.97,4
ORD-12479,05/27/2026,Halo Desk Organizer,Home & Living,East,Partner,2,$20.39,40.78,24.52,2
ORD-10889,08/02/2025,Aurora Desk Lamp,Home & Living,West,Online,2,$38.93,77.86,44.5,1
ORD-12179,03/30/2026,Nimbus Office Chair,Furniture,East,Online,1,$189.72,189.72,104.84,5
ORD-11037,09/04/2025,"Vista Monitor 27""",Electronics,West,Retail,2,$289.53,579.06,393.29,5
ORD-10669,06/12/2025,Cove Bookshelf,Furniture,North,Retail,1,$134.14,134.14,84.92,4
ORD-11165,10/02/2025,Aurora Desk Lamp,Home & Living,East,Online,3,$39.42,118.26,67.23,5
ORD-10187,02/20/2025,Zephyr Standing Desk,Furniture,South,Online,3,$455.83,1367.49,1008.66,4
ORD-10262,03/08/2025,Lumen LED Strip,Electronics,North,Online,2,$24.12,48.24,32.69,5
ORD-12456,05/23/2026,Halo Desk Organizer,Home & Living,East,Retail,3,$19.37,58.11,33.81,5
ORD-10071,01/18/2025,Cove Bookshelf,Furniture,East,Online,2,$128.76,257.52,155.69,5
ORD-10750,06/30/2025,Lumen LED Strip,Electronics,North,Online,1,$25.05,,17.14,2
ORD-10792,07/10/2025,Echo Mechanical Keyboard,Electronics,South,Online,3,$94.95,284.85,205.57,2
ORD-10308,03/19/2025,"Vista Monitor 27""",Electronics,East,Online,1,$286.11,286.11,158.26,1
ORD-10734,06/26/2025,Lumen LED Strip,Electronics,East,Online,1,$22.09,22.09,12.26,4
ORD-10594,05/27/2025,Halo Desk Organizer,Home & Living,East,Retail,1,$19.72,19.72,14.22,5
ORD-11787,01/13/2026,Halo Desk Organizer,Home & Living,North,Online,1,$20.35,20.35,15.21,5
ORD-10578,05/24/2025,"Vista Monitor 27""",Electronics,East,Retail,1,$286.82,286.82,185.23,5
ORD-10458,04/23/2025,Aurora Desk Lamp,Home & Living,South,Online,2,$42.79,85.58,58.72,4
ORD-10739,06/28/2025,"Vista Monitor 27""",Electronics,South,Retail,1,$296.50,296.5,194.92,5
ORD-11214,10/12/2025,Lumen LED Strip,Electronics,North,Retail,4,$22.77,91.08,61.01,4
ORD-10892,08/02/2025,Halo Desk Organizer,Home & Living,East,Retail,1,$18.54,18.54,10.79,4
ORD-10530,05/12/2025,Pulse Wireless Mouse,Electronics,North,Online,1,$37.11,37.11,23.55,5
ORD-12475,05/27/2026,Echo Mechanical Keyboard,Electronics,North,Online,3,$92.60,277.8,156.07,1
ORD-10487,05/02/2025,Aurora Desk Lamp,Home & Living,South,Retail,2,$41.15,82.3,45.5,4
ORD-11274,10/23/2025,Pulse Wireless Mouse,Electronics,West,Partner,3,$37.09,111.27,62.35,4
ORD-12547,06/07/2026,Aurora Desk Lamp,Home & Living,South,Retail,3,$41.11,123.33,81.57,5
ORD-11155,09/30/2025,Terra Ceramic Planter,Home & Living,East,Retail,2,$26.51,53.02,33.84,3
ORD-11646,12/20/2025,Halo Desk Organizer,Home & Living,West,Partner,1,$18.36,18.36,13.27,5
ORD-12629,06/22/2026,Halo Desk Organizer,Home & Living,West,Online,1,$18.22,18.22,12.59,
ORD-11341,11/05/2025,Halo Desk Organizer,Home & Living,West,Partner,3,$19.35,58.05,35.69,4
ORD-12134,03/22/2026,Terra Ceramic Planter,Home & Living,North,Online,3,$26.25,78.75,55.35,2
ORD-11285,10/25/2025,Zephyr Standing Desk,Furniture,North,Partner,2,$423.33,846.66,571.9,2
ORD-11002,08/27/2025,Pulse Wireless Mouse,Electronics,North,Retail,2,$37.80,75.6,47.0,3
ORD-11968,02/17/2026,Zephyr Standing Desk,Furniture,North,Online,2,$473.41,946.82,589.25,1
ORD-12149,03/25/2026,Echo Mechanical Keyboard,Electronics,West,Retail,1,$87.28,87.28,50.01,4
ORD-11812,01/18/2026,Lumen LED Strip,Electronics,North,Online,4,$25.51,102.04,70.66,4
ORD-12558,06/09/2026,"Vista Monitor 27""",Electronics,East,Online,2,$273.00,546.0,306.59,4
ORD-12059,03/06/2026,Zephyr Standing Desk,Furniture,North,Online,2,$449.92,899.84,584.06,3
ORD-12335,05/01/2026,Echo Mechanical Keyboard,Electronics,East,Online,1,$84.14,84.14,61.06,4
ORD-10728,06/26/2025,Cove Bookshelf,Furniture,North,Online,2,$130.63,261.26,192.36,4
ORD-11591,12/11/2025,Nimbus Office Chair,Furniture,North,Online,1,$179.71,179.71,126.2,3
ORD-10175,02/17/2025,Nimbus Office Chair,Furniture,South,Retail,1,$189.30,189.3,138.41,3
ORD-10004,01/02/2025,Zephyr Standing Desk,Furniture,North,Online,1,$428.55,428.55,301.14,4
ORD-10548,05/16/2025,Terra Ceramic Planter,Home & Living,West,Partner,1,$29.50,29.5,17.44,5
ORD-11252,10/19/2025,Aurora Desk Lamp,Home & Living,North,Retail,4,$39.49,157.96,97.75,1
ORD-11267,10/21/2025,Cove Bookshelf,Furniture,West,Online,4,$127.94,511.76,354.89,5
ORD-11596,12/12/2025,Zephyr Standing Desk,Furniture,North,Online,1,$435.39,435.39,272.49,5
ORD-10240,03/03/2025,Halo Desk Organizer,Home & Living,North,Partner,3,$19.67,,34.7,
ORD-12201,04/03/2026,Nimbus Office Chair,Furniture,South,Partner,2,$190.07,380.14,236.92,4
ORD-12279,04/19/2026,Zephyr Standing Desk,Furniture,West,Online,3,$449.73,1349.19,1007.35,4
ORD-11074,09/12/2025,Aurora Desk Lamp,Home & Living,North,Retail,1,$43.30,43.3,30.59,1
ORD-11339,11/05/2025,Pulse Wireless Mouse,Electronics,South,Online,1,$33.12,33.12,20.53,3
ORD-10764,07/04/2025,"Vista Monitor 27""",Electronics,South,Online,3,$271.20,813.6,463.37,5
ORD-10450,04/21/2025,"Vista Monitor 27""",Electronics,West,Online,1,$270.02,270.02,169.83,5
ORD-12388,05/10/2026,Pulse Wireless Mouse,Electronics,East,Partner,1,$34.44,34.44,24.31,4
ORD-10426,04/15/2025,Halo Desk Organizer,Home & Living,West,Online,1,$18.05,18.05,13.49,4
ORD-10035,01/10/2025,Lumen LED Strip,Electronics,East,Online,1,$22.39,22.39,15.26,4
ORD-11221,10/13/2025,Terra Ceramic Planter,Home & Living,South,Online,2,$27.47,54.94,40.15,4
ORD-11645,12/20/2025,Terra Ceramic Planter,Home & Living,North,Online,2,$28.48,56.96,41.01,2
ORD-12046,03/03/2026,Nimbus Office Chair,Furniture,North,Online,3,$198.72,596.16,350.81,5
ORD-12195,04/03/2026,"Vista Monitor 27""",Electronics,South,Online,3,$289.56,868.68,569.61,4
ORD-11709,12/29/2025,Aurora Desk Lamp,Home & Living,East,Online,2,$41.34,82.68,50.33,1
ORD-12226,04/10/2026,Echo Mechanical Keyboard,Electronics,North,Online,1,$86.79,86.79,64.42,2
ORD-11784,01/11/2026,"Vista Monitor 27""",Electronics,South,Online,1,$268.69,268.69,192.74,5
ORD-12551,06/07/2026,Lumen LED Strip,Electronics,South,Retail,1,$24.26,24.26,15.01,3
ORD-12497,05/30/2026,Nimbus Office Chair,Furniture,West,Retail,1,$194.52,194.52,145.82,
ORD-11526,12/03/2025,Echo Mechanical Keyboard,Electronics,East,Retail,2,$90.01,180.02,125.37,4
ORD-10462,04/24/2025,Lumen LED Strip,Electronics,South,Online,3,$23.78,71.34,52.27,5
ORD-12095,03/14/2026,Zephyr Standing Desk,Furniture,East,Online,4,$455.34,1821.36,1040.66,4
ORD-11213,10/12/2025,Nimbus Office Chair,Furniture,East,Retail,1,$189.57,,126.43,2
ORD-11525,12/02/2025,Zephyr Standing Desk,Furniture,West,Online,4,$482.04,1928.16,1268.66,1
ORD-10313,03/20/2025,Terra Ceramic Planter,Home & Living,North,Online,1,$28.24,28.24,15.85,5
ORD-10709,06/22/2025,Zephyr Standing Desk,Furniture,West,Online,2,$426.96,853.92,475.16,
ORD-10387,04/06/2025,Cove Bookshelf,Furniture,West,Partner,1,$120.41,120.41,68.13,3
ORD-12527,06/04/2026,Aurora Desk Lamp,Home & Living,East,Online,1,$41.55,41.55,29.27,4
ORD-10725,06/25/2025,Pulse Wireless Mouse,Electronics,North,Retail,1,$36.82,36.82,20.61,1
ORD-12544,06/07/2026,Aurora Desk Lamp,Home & Living,North,Retail,2,$43.67,87.34,57.31,4
ORD-10264,03/08/2025,Terra Ceramic Planter,Home & Living,West,Online,1,$27.89,27.89,18.97,
ORD-10644,06/05/2025,Zephyr Standing Desk,Furniture,North,Online,2,$482.93,965.86,585.72,1
ORD-10920,08/09/2025,Zephyr Standing Desk,Furniture,West,Retail,1,$444.40,444.4,288.59,5
ORD-12190,04/02/2026,Terra Ceramic Planter,Home & Living,North,Online,2,$27.20,54.4,38.03,4
ORD-12351,05/03/2026,"Vista Monitor 27""",Electronics,North,Partner,2,$268.55,537.1,339.96,5
ORD-11117,09/21/2025,Aurora Desk Lamp,Home & Living,North,Retail,2,$45.11,90.22,54.74,2
ORD-10179,02/18/2025,Halo Desk Organizer,Home & Living,South,Online,4,$17.65,70.6,45.99,1
ORD-10166,02/16/2025,Nimbus Office Chair,Furniture,North,Retail,1,$188.57,188.57,120.38,2
ORD-12205,04/04/2026,Aurora Desk Lamp,Home & Living,South,Online,1,$45.29,45.29,29.19,5
ORD-10914,08/08/2025,Zephyr Standing Desk,Furniture,West,Online,2,$473.21,946.42,586.57,4
ORD-10439,04/18/2025,Zephyr Standing Desk,Furniture,North,Online,1,$415.48,415.48,230.18,4
ORD-10839,07/21/2025,Terra Ceramic Planter,Home & Living,North,Online,2,$27.87,55.74,39.23,5
ORD-10797,07/11/2025,Nimbus Office Chair,Furniture,East,Partner,1,$199.78,199.78,115.07,5
ORD-10398,04/09/2025,Halo Desk Organizer,Home & Living,West,Partner,1,$20.22,20.22,11.85,5
ORD-11392,11/12/2025,Pulse Wireless Mouse,Electronics,West,Online,1,$34.04,34.04,22.89,3
ORD-12258,04/15/2026,Halo Desk Organizer,Home & Living,North,Partner,1,$17.60,17.6,12.05,3
ORD-10111,02/01/2025,"Vista Monitor 27""",Electronics,West,Retail,3,$257.97,773.91,523.17,4
ORD-12107,03/16/2026,Echo Mechanical Keyboard,Electronics,South,Online,1,$91.27,91.27,62.62,3
ORD-11062,09/09/2025,Lumen LED Strip,Electronics,North,Online,1,$25.84,25.84,19.21,5
ORD-11374,11/10/2025,Halo Desk Organizer,Home & Living,West,Online,1,$18.43,18.43,13.06,5
ORD-10312,03/20/2025,Pulse Wireless Mouse,Electronics,West,Online,1,$35.86,35.86,25.88,5
ORD-11545,12/05/2025,Echo Mechanical Keyboard,Electronics,East,Online,3,$92.80,278.4,183.91,4
ORD-11768,01/09/2026,Cove Bookshelf,Furniture,West,Retail,1,$132.06,132.06,92.2,3
ORD-10176,02/17/2025,Lumen LED Strip,Electronics,North,Online,2,$22.47,44.94,27.02,2
ORD-10737,06/28/2025,Echo Mechanical Keyboard,Electronics,West,Retail,2,$87.52,,116.19,4
ORD-11216,10/12/2025,Aurora Desk Lamp,Home & Living,North,Partner,2,$40.65,81.3,60.43,1
ORD-10706,06/21/2025,Zephyr Standing Desk,Furniture,North,Retail,1,$469.05,469.05,267.99,5
ORD-11674,12/24/2025,Lumen LED Strip,Electronics,North,Retail,2,$24.93,49.86,31.05,4
ORD-10632,06/03/2025,Cove Bookshelf,Furniture,North,Online,3,$134.47,,228.59,5
ORD-11898,02/05/2026,Pulse Wireless Mouse,Electronics,South,Partner,3,$36.47,109.41,61.9,3
ORD-11001,08/27/2025,Zephyr Standing Desk,Furniture,North,Online,1,$427.41,427.41,286.86,5
ORD-11786,01/13/2026,Echo Mechanical Keyboard,Electronics,East,Partner,1,$82.81,82.81,57.45,1
ORD-10953,08/16/2025,"Vista Monitor 27""",Electronics,West,Online,3,$265.19,795.57,574.71,5
ORD-11648,12/20/2025,Echo Mechanical Keyboard,Electronics,North,Online,3,$89.03,267.09,175.35,5
ORD-12383,05/09/2026,Pulse Wireless Mouse,Electronics,West,Online,1,$35.01,35.01,23.56,
ORD-11294,10/27/2025,Pulse Wireless Mouse,Electronics,West,Retail,1,$37.33,37.33,25.47,2
ORD-11302,10/29/2025,"Vista Monitor 27""",Electronics,West,Partner,1,$263.11,263.11,189.61,4
ORD-12423,05/16/2026,Zephyr Standing Desk,Furniture,North,Online,1,$480.23,480.23,358.71,5
ORD-10622,06/01/2025,"Vista Monitor 27""",Electronics,East,Online,1,$270.07,270.07,178.9,3
ORD-10173,02/17/2025,"Vista Monitor 27""",Electronics,North,Retail,3,$260.61,781.83,562.06,5
ORD-10895,08/03/2025,Zephyr Standing Desk,Furniture,North,Online,2,$444.67,889.34,659.49,5
ORD-11682,12/25/2025,Lumen LED Strip,Electronics,North,Online,1,$24.98,24.98,18.7,4
ORD-11322,11/02/2025,Pulse Wireless Mouse,Electronics,South,Partner,2,$34.22,68.44,49.36,5
ORD-11406,11/14/2025,Halo Desk Organizer,Home & Living,North,Online,2,$18.29,36.58,20.6,5
ORD-10480,05/01/2025,Lumen LED Strip,Electronics,South,Online,1,$23.26,23.26,16.46,4
ORD-11171,10/03/2025,Cove Bookshelf,Furniture,North,Online,3,$135.49,406.47,238.65,4
ORD-12427,05/16/2026,Halo Desk Organizer,Home & Living,West,Online,1,$19.86,19.86,14.75,4
ORD-12453,05/22/2026,Lumen LED Strip,Electronics,South,Online,2,$25.87,51.74,28.47,5
ORD-10646,06/06/2025,"Vista Monitor 27""",Electronics,North,Online,2,$260.26,520.52,364.42,5
ORD-12346,05/02/2026,"Vista Monitor 27""",Electronics,North,Retail,1,$264.49,264.49,182.71,3
ORD-11511,11/30/2025,Halo Desk Organizer,Home & Living,North,Online,1,$19.90,19.9,12.3,5
ORD-10114,02/02/2025,"Vista Monitor 27""",Electronics,East,Partner,2,$273.80,547.6,402.14,2
ORD-10549,05/17/2025,Zephyr Standing Desk,Furniture,North,Online,1,$414.79,414.79,287.6,3
ORD-12477,05/27/2026,Echo Mechanical Keyboard,Electronics,North,Retail,2,$94.41,188.82,131.94,5
ORD-10581,05/24/2025,Aurora Desk Lamp,Home & Living,North,Retail,3,$44.16,132.48,97.96,5
ORD-10343,03/26/2025,"Vista Monitor 27""",Electronics,South,Online,1,$261.04,261.04,181.27,1
ORD-12224,04/09/2026,Nimbus Office Chair,Furniture,South,Online,1,$197.14,197.14,118.82,5
ORD-12579,06/13/2026,Cove Bookshelf,Furniture,South,Retail,1,$119.98,119.98,88.25,1
ORD-11636,12/18/2025,Aurora Desk Lamp,Home & Living,East,Online,1,$42.70,42.7,31.25,5
ORD-10330,03/24/2025,Echo Mechanical Keyboard,Electronics,East,Online,1,$93.61,93.61,63.67,5
ORD-11714,12/30/2025,Terra Ceramic Planter,Home & Living,West,Retail,2,$30.20,60.4,36.03,1
ORD-10072,01/19/2025,Zephyr Standing Desk,Furniture,West,Retail,3,$483.54,1450.62,952.8,1
ORD-10630,06/03/2025,"Vista Monitor 27""",Electronics,North,Retail,1,$275.16,275.16,161.46,4
ORD-12324,04/28/2026,Aurora Desk Lamp,Home & Living,West,Online,1,$44.53,44.53,31.72,4
ORD-11470,11/25/2025,"Vista Monitor 27""",Electronics,North,Retail,1,$300.05,300.05,166.31,4
ORD-12566,06/11/2026,Terra Ceramic Planter,Home & Living,South,Retail,1,$29.97,29.97,19.93,3
ORD-10699,06/19/2025,Pulse Wireless Mouse,Electronics,West,Online,2,$37.12,74.24,54.05,
ORD-11307,10/30/2025,"Vista Monitor 27""",Electronics,North,Online,1,$291.56,291.56,200.9,1
ORD-11943,02/14/2026,Aurora Desk Lamp,Home & Living,North,Online,2,$39.89,79.78,56.26,2
ORD-12040,03/02/2026,Zephyr Standing Desk,Furniture,South,Online,2,$442.84,885.68,660.43,4
ORD-11853,01/27/2026,Zephyr Standing Desk,Furniture,South,Online,1,$448.41,448.41,306.87,2
ORD-10758,07/02/2025,Echo Mechanical Keyboard,Electronics,West,Online,1,$91.35,91.35,64.65,1
ORD-11098,09/18/2025,"Vista Monitor 27""",Electronics,West,Retail,1,$268.66,268.66,169.31,1
ORD-10956,08/16/2025,Echo Mechanical Keyboard,Electronics,North,Online,2,$90.18,180.36,122.55,4
ORD-11697,12/27/2025,Lumen LED Strip,Electronics,South,Online,2,$23.16,46.32,31.1,4
ORD-11297,10/29/2025,Echo Mechanical Keyboard,Electronics,West,Online,1,$91.75,91.75,58.06,4
ORD-12449,05/21/2026,Aurora Desk Lamp,Home & Living,West,Partner,4,$45.32,181.28,116.27,1
ORD-10656,06/08/2025,Echo Mechanical Keyboard,Electronics,South,Online,4,$92.66,370.64,263.56,5
ORD-10857,07/25/2025,Lumen LED Strip,Electronics,South,Online,1,$25.04,25.04,14.01,3
ORD-11750,01/05/2026,Terra Ceramic Planter,Home & Living,North,Partner,3,$26.39,79.17,51.16,4
ORD-11628,12/17/2025,Pulse Wireless Mouse,Electronics,East,Online,1,$34.20,34.2,19.06,2
ORD-12623,06/21/2026,Zephyr Standing Desk,Furniture,South,Online,1,$453.98,453.98,284.21,4
ORD-12556,06/08/2026,Zephyr Standing Desk,Furniture,West,Retail,1,$459.02,459.02,318.96,5
ORD-11055,09/07/2025,Echo Mechanical Keyboard,Electronics,East,Online,4,$90.92,363.68,271.28,4
ORD-12036,03/01/2026,"Vista Monitor 27""",Electronics,West,Online,5,$258.97,1294.85,865.4,3
ORD-11836,01/24/2026,Terra Ceramic Planter,Home & Living,West,Online,1,$26.78,26.78,16.88,5
ORD-10777,07/07/2025,Pulse Wireless Mouse,Electronics,East,Retail,1,$34.26,34.26,25.55,2
ORD-11283,10/25/2025,Nimbus Office Chair,Furniture,East,Online,1,$193.39,193.39,121.93,1
ORD-12508,06/01/2026,Echo Mechanical Keyboard,Electronics,North,Online,1,$82.53,82.53,51.79,5
ORD-10293,03/15/2025,Cove Bookshelf,Furniture,West,Online,1,$121.76,121.76,76.14,4
ORD-11431,11/19/2025,Terra Ceramic Planter,Home & Living,East,Online,1,$26.19,26.19,17.16,4
ORD-12079,03/10/2026,Nimbus Office Chair,Furniture,North,Partner,2,$189.67,379.34,260.95,4
ORD-11547,12/05/2025,Echo Mechanical Keyboard,Electronics,North,Online,2,$87.77,175.54,115.96,1
ORD-12515,06/02/2026,Zephyr Standing Desk,Furniture,East,Retail,1,$431.38,431.38,287.48,5
ORD-11533,12/04/2025,"Vista Monitor 27""",Electronics,West,Retail,1,$295.78,295.78,218.93,1
ORD-10043,01/12/2025,Pulse Wireless Mouse,Electronics,North,Partner,2,$36.15,72.3,47.88,3
ORD-10681,06/14/2025,Aurora Desk Lamp,Home & Living,North,Online,3,$42.90,128.7,87.06,4
ORD-10086,01/25/2025,Pulse Wireless Mouse,Electronics,South,Retail,1,$33.27,33.27,19.9,4
ORD-11904,02/05/2026,"Vista Monitor 27""",Electronics,West,Online,2,$263.45,526.9,344.89,4
ORD-11110,09/20/2025,Echo Mechanical Keyboard,Electronics,East,Online,2,$84.55,169.1,119.05,
ORD-10049,01/14/2025,Echo Mechanical Keyboard,Electronics,North,Online,1,$85.12,85.12,47.22,2
ORD-11355,11/08/2025,Lumen LED Strip,Electronics,West,Retail,4,$22.21,88.84,49.33,5
ORD-12377,05/08/2026,Cove Bookshelf,Furniture,South,Retail,2,$123.31,246.62,171.3,5
ORD-12455,05/22/2026,Cove Bookshelf,Furniture,East,Online,1,$134.37,134.37,85.46,3
ORD-12084,03/11/2026,Aurora Desk Lamp,Home & Living,East,Retail,4,$39.21,156.84,112.71,2
ORD-12045,03/03/2026,Halo Desk Organizer,Home & Living,South,Online,2,$17.75,35.5,20.7,5
ORD-12125,03/20/2026,"Vista Monitor 27""",Electronics,North,Online,2,$297.91,595.82,400.6,5
ORD-12058,03/06/2026,Aurora Desk Lamp,Home & Living,North,Online,1,$44.48,44.48,25.92,4
ORD-11249,10/18/2025,Zephyr Standing Desk,Furniture,West,Online,3,$441.42,1324.26,925.37,4
ORD-10076,01/21/2025,Aurora Desk Lamp,Home & Living,North,Retail,2,$38.78,77.56,45.02,5
ORD-11814,01/18/2026,Pulse Wireless Mouse,Electronics,West,Partner,2,$36.76,73.52,52.66,4
ORD-11238,10/16/2025,Cove Bookshelf,Furniture,West,Partner,2,$133.93,267.86,198.26,
ORD-11206,10/09/2025,Aurora Desk Lamp,Home & Living,South,Online,1,$39.43,39.43,25.75,3
ORD-11188,10/07/2025,Nimbus Office Chair,Furniture,North,Retail,1,$197.94,197.94,122.04,5
ORD-10829,07/19/2025,Cove Bookshelf,Furniture,West,Retail,3,$128.69,386.07,221.3,5
ORD-10801,07/12/2025,Zephyr Standing Desk,Furniture,West,Retail,1,$444.73,444.73,288.34,3
ORD-12211,04/05/2026,Nimbus Office Chair,Furniture,North,Retail,2,$185.32,370.64,234.02,1
ORD-10007,01/03/2025,Pulse Wireless Mouse,Electronics,West,Online,2,$37.72,75.44,54.4,5
ORD-10800,07/12/2025,Zephyr Standing Desk,Furniture,West,Online,2,$417.56,835.12,524.22,4
ORD-10788,07/09/2025,Terra Ceramic Planter,Home & Living,East,Online,2,$26.83,53.66,34.24,4
ORD-11567,12/08/2025,Cove Bookshelf,Furniture,West,Partner,1,$123.03,123.03,75.79,3
ORD-12422,05/16/2026,Pulse Wireless Mouse,Electronics,West,Online,1,$33.02,33.02,19.46,4
ORD-11068,09/11/2025,Aurora Desk Lamp,Home & Living,North,Online,2,$44.58,89.16,53.04,5
ORD-11313,11/01/2025,Echo Mechanical Keyboard,Electronics,North,Online,1,$90.47,90.47,65.08,5
ORD-11544,12/05/2025,Echo Mechanical Keyboard,Electronics,South,Retail,3,$95.41,286.23,158.64,4
ORD-10722,06/24/2025,"Vista Monitor 27""",Electronics,North,Retail,1,$296.79,296.79,220.24,1
ORD-11539,12/04/2025,Nimbus Office Chair,Furniture,West,Partner,1,$177.75,177.75,129.12,5
ORD-10463,04/24/2025,Echo Mechanical Keyboard,Electronics,East,Online,2,$84.14,168.28,103.03,5
ORD-10592,05/26/2025,Pulse Wireless Mouse,Electronics,East,Retail,2,$33.66,67.32,44.24,5
ORD-10613,05/31/2025,Aurora Desk Lamp,Home & Living,South,Partner,1,$44.34,44.34,27.68,5
ORD-11185,10/06/2025,"Vista Monitor 27""",Electronics,East,Online,3,$299.31,897.93,580.45,3
ORD-11478,11/26/2025,Echo Mechanical Keyboard,Electronics,South,Online,1,$94.66,94.66,68.32,4
ORD-10088,01/26/2025,Halo Desk Organizer,Home & Living,South,Partner,2,$18.60,37.2,24.58,5
ORD-10670,06/12/2025,"Vista Monitor 27""",Electronics,East,Online,1,$261.33,,185.15,
ORD-10745,06/30/2025,Aurora Desk Lamp,Home & Living,North,Online,1,$44.01,44.01,32.17,5
ORD-11044,09/05/2025,Aurora Desk Lamp,Home & Living,North,Online,2,$42.77,85.54,52.61,5
ORD-12284,04/20/2026,Echo Mechanical Keyboard,Electronics,North,Online,2,$81.96,163.92,101.3,5
ORD-10903,08/05/2025,"Vista Monitor 27""",Electronics,East,Online,2,$269.11,538.22,372.82,5
ORD-11024,09/01/2025,Halo Desk Organizer,Home & Living,East,Online,1,$19.52,19.52,13.52,4
ORD-11043,09/05/2025,Cove Bookshelf,Furniture,South,Online,2,$123.95,247.9,140.79,3
ORD-11589,12/11/2025,Aurora Desk Lamp,Home & Living,West,Partner,2,$40.88,81.76,55.96,3
ORD-12017,02/25/2026,Nimbus Office Chair,Furniture,South,Online,2,$192.16,384.32,243.08,4
ORD-10583,05/24/2025,Halo Desk Organizer,Home & Living,South,Retail,1,$19.68,19.68,12.17,4
ORD-10719,06/24/2025,Nimbus Office Chair,Furniture,East,Online,3,$176.64,529.92,366.3,5
ORD-10708,06/22/2025,Zephyr Standing Desk,Furniture,West,Online,1,$464.23,464.23,290.05,3
ORD-10418,04/13/2025,Pulse Wireless Mouse,Electronics,East,Online,1,$35.64,35.64,24.0,5
ORD-12024,02/27/2026,Zephyr Standing Desk,Furniture,East,Online,2,$417.38,834.76,544.18,5
ORD-10449,04/21/2025,Lumen LED Strip,Electronics,West,Online,2,$24.21,48.42,34.77,5
ORD-11304,10/30/2025,Echo Mechanical Keyboard,Electronics,East,Online,2,$90.16,180.32,116.37,3
ORD-10165,02/16/2025,Halo Desk Organizer,Home & Living,North,Retail,3,$19.29,57.87,42.05,1
ORD-10730,06/26/2025,Zephyr Standing Desk,Furniture,North,Online,3,$436.73,1310.19,829.02,1
ORD-11454,11/22/2025,Lumen LED Strip,Electronics,East,Online,1,$22.48,22.48,16.32,5
ORD-11032,09/02/2025,Aurora Desk Lamp,Home & Living,West,Partner,2,$42.60,85.2,47.69,4
ORD-12529,06/04/2026,"Vista Monitor 27""",Electronics,East,Retail,3,$273.72,821.16,536.51,4
ORD-12538,06/06/2026,Zephyr Standing Desk,Furniture,West,Online,2,$464.58,929.16,603.59,2
ORD-12408,05/13/2026,Zephyr Standing Desk,Furniture,North,Online,2,$468.43,936.86,578.33,4
ORD-10425,04/15/2025,Echo Mechanical Keyboard,Electronics,West,Online,1,$93.36,93.36,64.37,4
ORD-11444,11/20/2025,Pulse Wireless Mouse,Electronics,East,Online,3,$33.82,101.46,57.83,4
ORD-10619,06/01/2025,Echo Mechanical Keyboard,Electronics,East,Online,2,$84.44,168.88,97.31,2
ORD-12451,05/22/2026,Aurora Desk Lamp,Home & Living,South,Partner,2,$44.71,89.42,50.01,5
ORD-10924,08/10/2025,Cove Bookshelf,Furniture,North,Online,1,$125.15,125.15,79.2,5
ORD-12578,06/12/2026,"Vista Monitor 27""",Electronics,North,Retail,1,$256.83,256.83,155.57,4
ORD-10148,02/11/2025,Pulse Wireless Mouse,Electronics,West,Online,1,$36.67,36.67,20.97,4
ORD-11194,10/07/2025,Nimbus Office Chair,Furniture,South,Online,3,$185.83,557.49,366.64,4
ORD-11986,02/20/2026,Halo Desk Organizer,Home & Living,South,Online,1,$17.81,17.81,11.35,2
ORD-10203,02/23/2025,Terra Ceramic Planter,Home & Living,East,Online,1,$26.04,26.04,18.68,5
ORD-11862,01/29/2026,Pulse Wireless Mouse,Electronics,North,Partner,3,$35.29,105.87,68.58,2
ORD-10303,03/17/2025,Halo Desk Organizer,Home & Living,East,Online,1,$18.08,18.08,10.78,5
ORD-10205,02/24/2025,Nimbus Office Chair,Furniture,West,Online,1,$189.71,,118.02,5
ORD-12516,06/02/2026,Zephyr Standing Desk,Furniture,South,Online,3,$428.80,1286.4,764.46,1
ORD-11704,12/28/2025,Cove Bookshelf,Furniture,West,Partner,3,$126.39,379.17,251.44,4
ORD-12265,04/17/2026,Echo Mechanical Keyboard,Electronics,East,Online,4,$95.26,381.04,217.67,1
ORD-11420,11/16/2025,Terra Ceramic Planter,Home & Living,North,Online,1,$28.40,28.4,20.99,5
ORD-10966,08/18/2025,Cove Bookshelf,Furniture,West,Partner,3,$128.69,386.07,250.4,2
ORD-10172,02/17/2025,Pulse Wireless Mouse,Electronics,South,Retail,2,$32.84,65.68,36.4,5
ORD-12104,03/15/2026,Nimbus Office Chair,Furniture,North,Online,2,$195.38,390.76,232.96,2
ORD-11876,02/01/2026,Echo Mechanical Keyboard,Electronics,East,Online,1,$87.03,87.03,59.72,4
ORD-12175,03/29/2026,Terra Ceramic Planter,Home & Living,North,Online,3,$28.65,85.95,64.45,1
ORD-10489,05/02/2025,Pulse Wireless Mouse,Electronics,West,Online,2,$35.50,71.0,41.42,4
ORD-10194,02/21/2025,Lumen LED Strip,Electronics,West,Online,4,$23.49,93.96,69.48,4
ORD-10353,03/29/2025,Zephyr Standing Desk,Furniture,South,Online,1,$423.16,423.16,259.36,4
